deviceIORate,cpu,memory,conns,arrivalRate,ioLoad,cpuLoad,responseTime
50mb,1,700m,50,1,0,350,13.7
50mb,1,700m,50,1,0,400,14.8
50mb,1,700m,50,1,0,450,15.0
50mb,1,700m,50,1,0,500,15.0
50mb,1,700m,50,1,20,350,23.2
50mb,1,700m,50,1,20,400,24.0
50mb,1,700m,50,1,20,450,24.6
50mb,1,700m,50,1,20,500,24.3
50mb,1,700m,50,1,40,350,47.8
50mb,1,700m,50,1,40,400,51.6
50mb,1,700m,50,1,40,450,49.9
50mb,1,700m,50,1,40,500,56.2
50mb,1,700m,50,1,60,350,57.5
50mb,1,700m,50,1,60,400,54.2
50mb,1,700m,50,1,60,450,53.4
50mb,1,700m,50,1,60,500,49.6
50mb,1,700m,50,1,80,350,92.6
50mb,1,700m,50,1,80,400,98.9
50mb,1,700m,50,1,80,450,86.0
50mb,1,700m,50,1,80,500,81.1
50mb,1,700m,50,1,100,350,93.3
50mb,1,700m,50,1,100,400,94.0
50mb,1,700m,50,1,100,450,92.2
50mb,1,700m,50,1,100,500,88.7
50mb,1,700m,50,1,120,350,127.9
50mb,1,700m,50,1,120,400,115.2
50mb,1,700m,50,1,120,450,124.5
50mb,1,700m,50,1,120,500,124.7
50mb,1,700m,50,1,140,350,157.8
50mb,1,700m,50,1,140,400,185.6
50mb,1,700m,50,1,140,450,192.3
50mb,1,700m,50,1,140,500,178.1
50mb,1,700m,50,1,160,350,9699.4
50mb,1,700m,50,1,160,400,11864.3
50mb,1,700m,50,1,160,450,17573.0
50mb,1,700m,50,1,160,500,13302.6
50mb,1,700m,50,1,180,350,16543.0
50mb,1,700m,50,1,180,400,19995.7
50mb,1,700m,50,1,180,450,21349.3
50mb,1,700m,50,1,180,500,20621.6
50mb,1,700m,50,1,200,350,30490.1
50mb,1,700m,50,1,200,400,30766.2
50mb,1,700m,50,1,200,450,28405.7
50mb,1,700m,50,1,200,500,32055.9
50mb,1,700m,50,2,0,350,14.9
50mb,1,700m,50,2,0,400,13.3
50mb,1,700m,50,2,0,450,14.5
50mb,1,700m,50,2,0,500,13.8
50mb,1,700m,50,2,20,350,25.6
50mb,1,700m,50,2,20,400,27.7
50mb,1,700m,50,2,20,450,26.3
50mb,1,700m,50,2,20,500,24.7
50mb,1,700m,50,2,40,350,43.6
50mb,1,700m,50,2,40,400,42.2
50mb,1,700m,50,2,40,450,42.4
50mb,1,700m,50,2,40,500,43.8
50mb,1,700m,50,2,60,350,48.1
50mb,1,700m,50,2,60,400,51.5
50mb,1,700m,50,2,60,450,50.6
50mb,1,700m,50,2,60,500,50.8
50mb,1,700m,50,2,80,350,1528.4
50mb,1,700m,50,2,80,400,3690.4
50mb,1,700m,50,2,80,450,1459.2
50mb,1,700m,50,2,80,500,2735.6
50mb,1,700m,50,2,100,350,9490.0
50mb,1,700m,50,2,100,400,11953.9
50mb,1,700m,50,2,100,450,9390.3
50mb,1,700m,50,2,100,500,12946.2
50mb,1,700m,50,2,120,350,19071.4
50mb,1,700m,50,2,120,400,19247.1
50mb,1,700m,50,2,120,450,21944.5
50mb,1,700m,50,2,120,500,21672.9
50mb,1,700m,50,2,140,350,31322.5
50mb,1,700m,50,2,140,400,27925.7
50mb,1,700m,50,2,140,450,28460.6
50mb,1,700m,50,2,140,500,26054.1
50mb,1,700m,50,2,160,350,37414.8
50mb,1,700m,50,2,160,400,34391.2
50mb,1,700m,50,2,160,450,35093.5
50mb,1,700m,50,2,160,500,38892.2
50mb,1,700m,50,2,180,350,43403.8
50mb,1,700m,50,2,180,400,46600.9
50mb,1,700m,50,2,180,450,44029.4
50mb,1,700m,50,2,180,500,46167.1
50mb,1,700m,50,2,200,350,54819.2
50mb,1,700m,50,2,200,400,50961.5
50mb,1,700m,50,2,200,450,54051.6
50mb,1,700m,50,2,200,500,53366.8
50mb,1,700m,50,3,0,350,14.5
50mb,1,700m,50,3,0,400,13.9
50mb,1,700m,50,3,0,450,14.2
50mb,1,700m,50,3,0,500,14.3
50mb,1,700m,50,3,20,350,27.6
50mb,1,700m,50,3,20,400,26.5
50mb,1,700m,50,3,20,450,29.9
50mb,1,700m,50,3,20,500,27.3
50mb,1,700m,50,3,40,350,45.7
50mb,1,700m,50,3,40,400,48.3
50mb,1,700m,50,3,40,450,43.3
50mb,1,700m,50,3,40,500,50.4
50mb,1,700m,50,3,60,350,1833.4
50mb,1,700m,50,3,60,400,2238.8
50mb,1,700m,50,3,60,450,3484.7
50mb,1,700m,50,3,60,500,2099.9
50mb,1,700m,50,3,80,350,10108.6
50mb,1,700m,50,3,80,400,10105.3
50mb,1,700m,50,3,80,450,9131.0
50mb,1,700m,50,3,80,500,11118.9
50mb,1,700m,50,3,100,350,19461.4
50mb,1,700m,50,3,100,400,16815.1
50mb,1,700m,50,3,100,450,18080.8
50mb,1,700m,50,3,100,500,17594.0
50mb,1,700m,50,3,120,350,29797.1
50mb,1,700m,50,3,120,400,28279.7
50mb,1,700m,50,3,120,450,25099.8
50mb,1,700m,50,3,120,500,29652.9
50mb,1,700m,50,3,140,350,35927.4
50mb,1,700m,50,3,140,400,37549.5
50mb,1,700m,50,3,140,450,35842.0
50mb,1,700m,50,3,140,500,34531.2
50mb,1,700m,50,3,160,350,43294.7
50mb,1,700m,50,3,160,400,46056.5
50mb,1,700m,50,3,160,450,45261.9
50mb,1,700m,50,3,160,500,43161.5
50mb,1,700m,50,3,180,350,53047.5
50mb,1,700m,50,3,180,400,52807.6
50mb,1,700m,50,3,180,450,53960.4
50mb,1,700m,50,3,180,500,55147.3
50mb,1,700m,50,3,200,350,63809.3
50mb,1,700m,50,3,200,400,66035.1
50mb,1,700m,50,3,200,450,62906.6
50mb,1,700m,50,3,200,500,63170.5
50mb,1,700m,50,4,0,350,14.5
50mb,1,700m,50,4,0,400,13.8
50mb,1,700m,50,4,0,450,15.0
50mb,1,700m,50,4,0,500,14.4
50mb,1,700m,50,4,20,350,30.2
50mb,1,700m,50,4,20,400,95.6
50mb,1,700m,50,4,20,450,59.4
50mb,1,700m,50,4,20,500,29.8
50mb,1,700m,50,4,40,350,1324.0
50mb,1,700m,50,4,40,400,823.0
50mb,1,700m,50,4,40,450,2788.2
50mb,1,700m,50,4,40,500,464.3
50mb,1,700m,50,4,60,350,7423.3
50mb,1,700m,50,4,60,400,6783.4
50mb,1,700m,50,4,60,450,8702.5
50mb,1,700m,50,4,60,500,8721.3
50mb,1,700m,50,4,80,350,13602.9
50mb,1,700m,50,4,80,400,14974.6
50mb,1,700m,50,4,80,450,16414.2
50mb,1,700m,50,4,80,500,13892.6
50mb,1,700m,50,4,100,350,26491.3
50mb,1,700m,50,4,100,400,34192.4
50mb,1,700m,50,4,100,450,24377.2
50mb,1,700m,50,4,100,500,29665.1
50mb,1,700m,50,4,120,350,33854.5
50mb,1,700m,50,4,120,400,33912.4
50mb,1,700m,50,4,120,450,33301.2
50mb,1,700m,50,4,120,500,34704.9
50mb,1,700m,50,4,140,350,44698.2
50mb,1,700m,50,4,140,400,40505.0
50mb,1,700m,50,4,140,450,40163.4
50mb,1,700m,50,4,140,500,43332.9
50mb,1,700m,50,4,160,350,49469.4
50mb,1,700m,50,4,160,400,51426.5
50mb,1,700m,50,4,160,450,60479.6
50mb,1,700m,50,4,160,500,47674.5
50mb,1,700m,50,4,180,350,63967.6
50mb,1,700m,50,4,180,400,59961.6
50mb,1,700m,50,4,180,450,60161.6
50mb,1,700m,50,4,180,500,62599.0
50mb,1,700m,50,4,200,350,68996.8
50mb,1,700m,50,4,200,400,73975.1
50mb,1,700m,50,4,200,450,74514.9
50mb,1,700m,50,4,200,500,74890.1
50mb,1,700m,50,5,0,350,14.1
50mb,1,700m,50,5,0,400,14.5
50mb,1,700m,50,5,0,450,14.6
50mb,1,700m,50,5,0,500,14.1
50mb,1,700m,50,5,20,350,25.5
50mb,1,700m,50,5,20,400,36.6
50mb,1,700m,50,5,20,450,29.2
50mb,1,700m,50,5,20,500,28.7
50mb,1,700m,50,5,40,350,2830.0
50mb,1,700m,50,5,40,400,3286.7
50mb,1,700m,50,5,40,450,4019.0
50mb,1,700m,50,5,40,500,3617.8
50mb,1,700m,50,5,60,350,12295.2
50mb,1,700m,50,5,60,400,7568.0
50mb,1,700m,50,5,60,450,9257.0
50mb,1,700m,50,5,60,500,8680.9
50mb,1,700m,50,5,80,350,18349.9
50mb,1,700m,50,5,80,400,18041.0
50mb,1,700m,50,5,80,450,16580.9
50mb,1,700m,50,5,80,500,18357.7
50mb,1,700m,50,5,100,350,25650.0
50mb,1,700m,50,5,100,400,27684.5
50mb,1,700m,50,5,100,450,24352.1
50mb,1,700m,50,5,100,500,27241.1
50mb,1,700m,50,5,120,350,35269.3
50mb,1,700m,50,5,120,400,40296.7
50mb,1,700m,50,5,120,450,43140.2
50mb,1,700m,50,5,120,500,39272.9
50mb,1,700m,50,5,140,350,43286.2
50mb,1,700m,50,5,140,400,44068.5
50mb,1,700m,50,5,140,450,42118.5
50mb,1,700m,50,5,140,500,44371.3
50mb,1,700m,50,5,160,350,50212.8
50mb,1,700m,50,5,160,400,48830.9
50mb,1,700m,50,5,160,450,54387.9
50mb,1,700m,50,5,160,500,49674.3
50mb,1,700m,50,5,180,350,61226.4
50mb,1,700m,50,5,180,400,58046.0
50mb,1,700m,50,5,180,450,60725.1
50mb,1,700m,50,5,180,500,56705.9
50mb,1,700m,50,5,200,350,70703.2
50mb,1,700m,50,5,200,400,67069.6
50mb,1,700m,50,5,200,450,68995.4
50mb,1,700m,50,5,200,500,67162.4
50mb,1,700m,50,6,0,350,14.2
50mb,1,700m,50,6,0,400,14.3
50mb,1,700m,50,6,0,450,14.3
50mb,1,700m,50,6,0,500,13.7
50mb,1,700m,50,6,20,350,28.3
50mb,1,700m,50,6,20,400,91.6
50mb,1,700m,50,6,20,450,81.3
50mb,1,700m,50,6,20,500,30.1
50mb,1,700m,50,6,40,350,2746.2
50mb,1,700m,50,6,40,400,5457.7
50mb,1,700m,50,6,40,450,3149.4
50mb,1,700m,50,6,40,500,4252.5
50mb,1,700m,50,6,60,350,9322.1
50mb,1,700m,50,6,60,400,8681.4
50mb,1,700m,50,6,60,450,9209.1
50mb,1,700m,50,6,60,500,9737.0
50mb,1,700m,50,6,80,350,22927.0
50mb,1,700m,50,6,80,400,19223.0
50mb,1,700m,50,6,80,450,20582.8
50mb,1,700m,50,6,80,500,21257.3
50mb,1,700m,50,6,100,350,27101.4
50mb,1,700m,50,6,100,400,32226.7
50mb,1,700m,50,6,100,450,28582.6
50mb,1,700m,50,6,100,500,28649.3
50mb,1,700m,50,6,120,350,37824.5
50mb,1,700m,50,6,120,400,38933.5
50mb,1,700m,50,6,120,450,35497.1
50mb,1,700m,50,6,120,500,40960.5
50mb,1,700m,50,6,140,350,47203.4
50mb,1,700m,50,6,140,400,48476.0
50mb,1,700m,50,6,140,450,50074.3
50mb,1,700m,50,6,140,500,46854.1
50mb,1,700m,50,6,160,350,54706.5
50mb,1,700m,50,6,160,400,53244.3
50mb,1,700m,50,6,160,450,58965.0
50mb,1,700m,50,6,160,500,58704.6
50mb,1,700m,50,6,180,350,64738.6
50mb,1,700m,50,6,180,400,63542.8
50mb,1,700m,50,6,180,450,61542.8
50mb,1,700m,50,6,180,500,64591.6
50mb,1,700m,50,6,200,350,71881.4
50mb,1,700m,50,6,200,400,73209.6
50mb,1,700m,50,6,200,450,79976.8
50mb,1,700m,50,6,200,500,71133.0
50mb,1,700m,50,7,0,350,14.2
50mb,1,700m,50,7,0,400,14.7
50mb,1,700m,50,7,0,450,13.8
50mb,1,700m,50,7,0,500,14.3
50mb,1,700m,50,7,20,350,124.1
50mb,1,700m,50,7,20,400,236.0
50mb,1,700m,50,7,20,450,212.3
50mb,1,700m,50,7,20,500,270.1
50mb,1,700m,50,7,40,350,3402.2
50mb,1,700m,50,7,40,400,3705.0
50mb,1,700m,50,7,40,450,4247.2
50mb,1,700m,50,7,40,500,3773.9
50mb,1,700m,50,7,60,350,10466.3
50mb,1,700m,50,7,60,400,12214.9
50mb,1,700m,50,7,60,450,12315.1
50mb,1,700m,50,7,60,500,12034.5
50mb,1,700m,50,7,80,350,20803.0
50mb,1,700m,50,7,80,400,21703.4
50mb,1,700m,50,7,80,450,20077.0
50mb,1,700m,50,7,80,500,18432.9
50mb,1,700m,50,7,100,350,29031.1
50mb,1,700m,50,7,100,400,29371.4
50mb,1,700m,50,7,100,450,30183.8
50mb,1,700m,50,7,100,500,28833.9
50mb,1,700m,50,7,120,350,37898.6
50mb,1,700m,50,7,120,400,40047.8
50mb,1,700m,50,7,120,450,38641.8
50mb,1,700m,50,7,120,500,42314.7
50mb,1,700m,50,7,140,350,50029.5
50mb,1,700m,50,7,140,400,49264.1
50mb,1,700m,50,7,140,450,43980.9
50mb,1,700m,50,7,140,500,48391.5
50mb,1,700m,50,7,160,350,54740.1
50mb,1,700m,50,7,160,400,56079.4
50mb,1,700m,50,7,160,450,55679.4
50mb,1,700m,50,7,160,500,56599.8
50mb,1,700m,50,7,180,350,60622.6
50mb,1,700m,50,7,180,400,64832.7
50mb,1,700m,50,7,180,450,63520.9
50mb,1,700m,50,7,180,500,66312.6
50mb,1,700m,50,7,200,350,80639.4
50mb,1,700m,50,7,200,400,77904.2
50mb,1,700m,50,7,200,450,72062.4
50mb,1,700m,50,7,200,500,80453.4
50mb,1,700m,50,8,0,350,14.0
50mb,1,700m,50,8,0,400,14.5
50mb,1,700m,50,8,0,450,14.1
50mb,1,700m,50,8,0,500,14.5
50mb,1,700m,50,8,20,350,390.3
50mb,1,700m,50,8,20,400,316.0
50mb,1,700m,50,8,20,450,376.9
50mb,1,700m,50,8,20,500,364.8
50mb,1,700m,50,8,40,350,4537.0
50mb,1,700m,50,8,40,400,3750.6
50mb,1,700m,50,8,40,450,5516.9
50mb,1,700m,50,8,40,500,3271.8
50mb,1,700m,50,8,60,350,13651.6
50mb,1,700m,50,8,60,400,11777.0
50mb,1,700m,50,8,60,450,10880.0
50mb,1,700m,50,8,60,500,10838.1
50mb,1,700m,50,8,80,350,23106.4
50mb,1,700m,50,8,80,400,19221.5
50mb,1,700m,50,8,80,450,18140.8
50mb,1,700m,50,8,80,500,21211.4
50mb,1,700m,50,8,100,350,30464.4
50mb,1,700m,50,8,100,400,29382.5
50mb,1,700m,50,8,100,450,31658.1
50mb,1,700m,50,8,100,500,31268.0
50mb,1,700m,50,8,120,350,38960.6
50mb,1,700m,50,8,120,400,40414.5
50mb,1,700m,50,8,120,450,40192.5
50mb,1,700m,50,8,120,500,41098.5
50mb,1,700m,50,8,140,350,44300.3
50mb,1,700m,50,8,140,400,48281.5
50mb,1,700m,50,8,140,450,49991.0
50mb,1,700m,50,8,140,500,47486.8
50mb,1,700m,50,8,160,350,57504.1
50mb,1,700m,50,8,160,400,61717.0
50mb,1,700m,50,8,160,450,56498.0
50mb,1,700m,50,8,160,500,55602.1
50mb,1,700m,50,8,180,350,64237.2
50mb,1,700m,50,8,180,400,66736.6
50mb,1,700m,50,8,180,450,65296.6
50mb,1,700m,50,8,180,500,69024.2
50mb,1,700m,50,8,200,350,73708.2
50mb,1,700m,50,8,200,400,74794.5
50mb,1,700m,50,8,200,450,74202.5
50mb,1,700m,50,8,200,500,75664.8
50mb,1,700m,50,9,0,350,14.2
50mb,1,700m,50,9,0,400,14.2
50mb,1,700m,50,9,0,450,14.1
50mb,1,700m,50,9,0,500,14.2
50mb,1,700m,50,9,20,350,251.1
50mb,1,700m,50,9,20,400,272.0
50mb,1,700m,50,9,20,450,387.8
50mb,1,700m,50,9,20,500,396.1
50mb,1,700m,50,9,40,350,3508.5
50mb,1,700m,50,9,40,400,3692.9
50mb,1,700m,50,9,40,450,5202.2
50mb,1,700m,50,9,40,500,6021.7
50mb,1,700m,50,9,60,350,15396.1
50mb,1,700m,50,9,60,400,10266.3
50mb,1,700m,50,9,60,450,13184.1
50mb,1,700m,50,9,60,500,11609.7
50mb,1,700m,50,9,80,350,21123.8
50mb,1,700m,50,9,80,400,23242.3
50mb,1,700m,50,9,80,450,22621.7
50mb,1,700m,50,9,80,500,19343.7
50mb,1,700m,50,9,100,350,30828.2
50mb,1,700m,50,9,100,400,26398.2
50mb,1,700m,50,9,100,450,32469.1
50mb,1,700m,50,9,100,500,30547.8
50mb,1,700m,50,9,120,350,42843.2
50mb,1,700m,50,9,120,400,42312.8
50mb,1,700m,50,9,120,450,40922.7
50mb,1,700m,50,9,120,500,40447.0
50mb,1,700m,50,9,140,350,51611.1
50mb,1,700m,50,9,140,400,47335.7
50mb,1,700m,50,9,140,450,46355.0
50mb,1,700m,50,9,140,500,51853.7
50mb,1,700m,50,9,160,350,59541.0
50mb,1,700m,50,9,160,400,59963.5
50mb,1,700m,50,9,160,450,56847.8
50mb,1,700m,50,9,160,500,54821.8
50mb,1,700m,50,9,180,350,66736.6
50mb,1,700m,50,9,180,400,67003.3
50mb,1,700m,50,9,180,450,60940.7
50mb,1,700m,50,9,180,500,66672.0
50mb,1,700m,50,9,200,350,78721.7
50mb,1,700m,50,9,200,400,84354.1
50mb,1,700m,50,9,200,450,80096.2
50mb,1,700m,50,9,200,500,80951.8
50mb,1,700m,50,10,0,350,14.4
50mb,1,700m,50,10,0,400,14.6
50mb,1,700m,50,10,0,450,14.0
50mb,1,700m,50,10,0,500,15.1
50mb,1,700m,50,10,20,350,337.0
50mb,1,700m,50,10,20,400,442.1
50mb,1,700m,50,10,20,450,338.5
50mb,1,700m,50,10,20,500,342.7
50mb,1,700m,50,10,40,350,3687.4
50mb,1,700m,50,10,40,400,3959.5
50mb,1,700m,50,10,40,450,5564.5
50mb,1,700m,50,10,40,500,3900.4
50mb,1,700m,50,10,60,350,10268.5
50mb,1,700m,50,10,60,400,11899.5
50mb,1,700m,50,10,60,450,10440.6
50mb,1,700m,50,10,60,500,13949.6
50mb,1,700m,50,10,80,350,21504.1
50mb,1,700m,50,10,80,400,20319.1
50mb,1,700m,50,10,80,450,23926.3
50mb,1,700m,50,10,80,500,20437.8
50mb,1,700m,50,10,100,350,30660.8
50mb,1,700m,50,10,100,400,33019.4
50mb,1,700m,50,10,100,450,28458.0
50mb,1,700m,50,10,100,500,30219.0
50mb,1,700m,50,10,120,350,39997.3
50mb,1,700m,50,10,120,400,39928.0
50mb,1,700m,50,10,120,450,40921.7
50mb,1,700m,50,10,120,500,39204.7
50mb,1,700m,50,10,140,350,49706.5
50mb,1,700m,50,10,140,400,47478.2
50mb,1,700m,50,10,140,450,52713.5
50mb,1,700m,50,10,140,500,51624.4
50mb,1,700m,50,10,160,350,53497.5
50mb,1,700m,50,10,160,400,60583.3
50mb,1,700m,50,10,160,450,58624.9
50mb,1,700m,50,10,160,500,60264.0
50mb,1,700m,50,10,180,350,92457.3
50mb,1,700m,50,10,180,400,93855.7
50mb,1,700m,50,10,180,450,73217.0
50mb,1,700m,50,10,180,500,59071.9
50mb,1,700m,50,10,200,350,68500.1
50mb,1,700m,50,10,200,400,65447.9
50mb,1,700m,50,10,200,450,64004.4
50mb,1,700m,50,10,200,500,66101.0
50mb,1,700m,50,11,0,350,26.7
50mb,1,700m,50,11,0,400,13.9
50mb,1,700m,50,11,0,450,14.5
50mb,1,700m,50,11,0,500,14.4
50mb,1,700m,50,11,20,350,359.9
50mb,1,700m,50,11,20,400,427.3
50mb,1,700m,50,11,20,450,102.5
50mb,1,700m,50,11,20,500,103.8
50mb,1,700m,50,11,40,350,4499.0
50mb,1,700m,50,11,40,400,2739.5
50mb,1,700m,50,11,40,450,2882.2
50mb,1,700m,50,11,40,500,3224.7
50mb,1,700m,50,11,60,350,6908.7
50mb,1,700m,50,11,60,400,7855.2
50mb,1,700m,50,11,60,450,7509.9
50mb,1,700m,50,11,60,500,9271.7
50mb,1,700m,50,11,80,350,14253.1
50mb,1,700m,50,11,80,400,14295.7
50mb,1,700m,50,11,80,450,15266.7
50mb,1,700m,50,11,80,500,15396.5
50mb,1,700m,50,11,100,350,25967.6
50mb,1,700m,50,11,100,400,22016.3
50mb,1,700m,50,11,100,450,24509.6
50mb,1,700m,50,11,100,500,23546.1
50mb,1,700m,50,11,120,350,32029.4
50mb,1,700m,50,11,120,400,30682.6
50mb,1,700m,50,11,120,450,33990.3
50mb,1,700m,50,11,120,500,27175.3
50mb,1,700m,50,11,140,350,50036.1
50mb,1,700m,50,11,140,400,40604.4
50mb,1,700m,50,11,140,450,39088.8
50mb,1,700m,50,11,140,500,37016.3
50mb,1,700m,50,11,160,350,47193.9
50mb,1,700m,50,11,160,400,50971.1
50mb,1,700m,50,11,160,450,36167.2
50mb,1,700m,50,11,160,500,52912.1
50mb,1,700m,50,11,180,350,57777.6
50mb,1,700m,50,11,180,400,58212.3
50mb,1,700m,50,11,180,450,41658.7
50mb,1,700m,50,11,180,500,54130.1
50mb,1,700m,50,11,200,350,60246.6
50mb,1,700m,50,11,200,400,97173.8
50mb,1,700m,50,11,200,450,65776.1
50mb,1,700m,50,11,200,500,65858.0
50mb,1,700m,50,12,0,350,20.9
50mb,1,700m,50,12,0,400,14.8
50mb,1,700m,50,12,0,450,14.5
50mb,1,700m,50,12,0,500,14.3
50mb,1,700m,50,12,20,350,405.5
50mb,1,700m,50,12,20,400,563.1
50mb,1,700m,50,12,20,450,632.7
50mb,1,700m,50,12,20,500,711.0
50mb,1,700m,50,12,40,350,5113.6
50mb,1,700m,50,12,40,400,4975.0
50mb,1,700m,50,12,40,450,5398.6
50mb,1,700m,50,12,40,500,7349.1
50mb,1,700m,50,12,60,350,13722.2
50mb,1,700m,50,12,60,400,14578.9
50mb,1,700m,50,12,60,450,14053.3
50mb,1,700m,50,12,60,500,10729.4
50mb,1,700m,50,12,80,350,23382.5
50mb,1,700m,50,12,80,400,21249.7
50mb,1,700m,50,12,80,450,21622.3
50mb,1,700m,50,12,80,500,21513.8
50mb,1,700m,50,12,100,350,36422.0
50mb,1,700m,50,12,100,400,31162.7
50mb,1,700m,50,12,100,450,36226.3
50mb,1,700m,50,12,100,500,32045.6
50mb,1,700m,50,12,120,350,40553.6
50mb,1,700m,50,12,120,400,41810.7
50mb,1,700m,50,12,120,450,46099.7
50mb,1,700m,50,12,120,500,45539.8
50mb,1,700m,50,12,140,350,47342.5
50mb,1,700m,50,12,140,400,53860.3
50mb,1,700m,50,12,140,450,47415.7
50mb,1,700m,50,12,140,500,53187.1
50mb,1,700m,50,12,160,350,58396.2
50mb,1,700m,50,12,160,400,62075.7
50mb,1,700m,50,12,160,450,60737.6
50mb,1,700m,50,12,160,500,62264.1
50mb,1,700m,50,12,180,350,75744.6
50mb,1,700m,50,12,180,400,73190.6
50mb,1,700m,50,12,180,450,63706.5
50mb,1,700m,50,12,180,500,71205.2
50mb,1,700m,50,12,200,350,76834.6
50mb,1,700m,50,12,200,400,78532.2
50mb,1,700m,50,12,200,450,78046.1
50mb,1,700m,50,12,200,500,73531.7
50mb,1,700m,50,13,0,350,13.8
50mb,1,700m,50,13,0,400,14.4
50mb,1,700m,50,13,0,450,14.3
50mb,1,700m,50,13,0,500,13.7
50mb,1,700m,50,13,20,350,372.3
50mb,1,700m,50,13,20,400,407.8
50mb,1,700m,50,13,20,450,356.9
50mb,1,700m,50,13,20,500,328.1
50mb,1,700m,50,13,40,350,4441.5
50mb,1,700m,50,13,40,400,4243.1
50mb,1,700m,50,13,40,450,4839.3
50mb,1,700m,50,13,40,500,4971.3
50mb,1,700m,50,13,60,350,12834.6
50mb,1,700m,50,13,60,400,15384.4
50mb,1,700m,50,13,60,450,14377.7
50mb,1,700m,50,13,60,500,15040.6
50mb,1,700m,50,13,80,350,20871.6
50mb,1,700m,50,13,80,400,23495.3
50mb,1,700m,50,13,80,450,20720.5
50mb,1,700m,50,13,80,500,24349.5
50mb,1,700m,50,13,100,350,30474.8
50mb,1,700m,50,13,100,400,32779.7
50mb,1,700m,50,13,100,450,34930.7
50mb,1,700m,50,13,100,500,34862.0
50mb,1,700m,50,13,120,350,42514.6
50mb,1,700m,50,13,120,400,38435.8
50mb,1,700m,50,13,120,450,38586.7
50mb,1,700m,50,13,120,500,43286.1
50mb,1,700m,50,13,140,350,46392.5
50mb,1,700m,50,13,140,400,49239.9
50mb,1,700m,50,13,140,450,49451.3
50mb,1,700m,50,13,140,500,50675.9
50mb,1,700m,50,13,160,350,60161.6
50mb,1,700m,50,13,160,400,66793.3
50mb,1,700m,50,13,160,450,56001.9
50mb,1,700m,50,13,160,500,59810.4
50mb,1,700m,50,13,180,350,65291.3
50mb,1,700m,50,13,180,400,69678.4
50mb,1,700m,50,13,180,450,67712.7
50mb,1,700m,50,13,180,500,71913.4
50mb,1,700m,50,13,200,350,76996.0
50mb,1,700m,50,13,200,400,86044.2
50mb,1,700m,50,13,200,450,75423.8
50mb,1,700m,50,13,200,500,76042.5
50mb,1,700m,50,14,0,350,14.7
50mb,1,700m,50,14,0,400,14.0
50mb,1,700m,50,14,0,450,14.2
50mb,1,700m,50,14,0,500,13.5
50mb,1,700m,50,14,20,350,408.8
50mb,1,700m,50,14,20,400,362.8
50mb,1,700m,50,14,20,450,359.0
50mb,1,700m,50,14,20,500,277.4
50mb,1,700m,50,14,40,350,4899.5
50mb,1,700m,50,14,40,400,4448.5
50mb,1,700m,50,14,40,450,4980.9
50mb,1,700m,50,14,40,500,4224.3
50mb,1,700m,50,14,60,350,12391.1
50mb,1,700m,50,14,60,400,14443.7
50mb,1,700m,50,14,60,450,15419.4
50mb,1,700m,50,14,60,500,12378.7
50mb,1,700m,50,14,80,350,19340.6
50mb,1,700m,50,14,80,400,21537.7
50mb,1,700m,50,14,80,450,20343.0
50mb,1,700m,50,14,80,500,26124.4
50mb,1,700m,50,14,100,350,32408.3
50mb,1,700m,50,14,100,400,31465.5
50mb,1,700m,50,14,100,450,31007.7
50mb,1,700m,50,14,100,500,30820.4
50mb,1,700m,50,14,120,350,42597.3
50mb,1,700m,50,14,120,400,39842.7
50mb,1,700m,50,14,120,450,46799.8
50mb,1,700m,50,14,120,500,45706.4
50mb,1,700m,50,14,140,350,49225.0
50mb,1,700m,50,14,140,400,52976.7
50mb,1,700m,50,14,140,450,48670.9
50mb,1,700m,50,14,140,500,53096.7
50mb,1,700m,50,14,160,350,64340.7
50mb,1,700m,50,14,160,400,62592.3
50mb,1,700m,50,14,160,450,61719.6
50mb,1,700m,50,14,160,500,63814.4
50mb,1,700m,50,14,180,350,67584.3
50mb,1,700m,50,14,180,400,69914.1
50mb,1,700m,50,14,180,450,67128.7
50mb,1,700m,50,14,180,500,67729.1
50mb,1,700m,50,14,200,350,75815.7
50mb,1,700m,50,14,200,400,80381.8
50mb,1,700m,50,14,200,450,74487.7
50mb,1,700m,50,14,200,500,79308.6
50mb,1,700m,50,15,0,350,14.5
50mb,1,700m,50,15,0,400,13.5
50mb,1,700m,50,15,0,450,14.0
50mb,1,700m,50,15,0,500,14.5
50mb,1,700m,50,15,20,350,441.2
50mb,1,700m,50,15,20,400,354.8
50mb,1,700m,50,15,20,450,395.5
50mb,1,700m,50,15,20,500,383.5
50mb,1,700m,50,15,40,350,3587.8
50mb,1,700m,50,15,40,400,5047.7
50mb,1,700m,50,15,40,450,4332.9
50mb,1,700m,50,15,40,500,3706.2
50mb,1,700m,50,15,60,350,13988.9
50mb,1,700m,50,15,60,400,12868.9
50mb,1,700m,50,15,60,450,13841.4
50mb,1,700m,50,15,60,500,13999.9
50mb,1,700m,50,15,80,350,23238.5
50mb,1,700m,50,15,80,400,20653.7
50mb,1,700m,50,15,80,450,24579.4
50mb,1,700m,50,15,80,500,22525.1
50mb,1,700m,50,15,100,350,29293.9
50mb,1,700m,50,15,100,400,33101.5
50mb,1,700m,50,15,100,450,36431.6
50mb,1,700m,50,15,100,500,34255.0
50mb,1,700m,50,15,120,350,39803.4
50mb,1,700m,50,15,120,400,41704.8
50mb,1,700m,50,15,120,450,40509.7
50mb,1,700m,50,15,120,500,41230.9
50mb,1,700m,50,15,140,350,51058.8
50mb,1,700m,50,15,140,400,50414.9
50mb,1,700m,50,15,140,450,49085.8
50mb,1,700m,50,15,140,500,53451.6
50mb,1,700m,50,15,160,350,58750.6
50mb,1,700m,50,15,160,400,63689.3
50mb,1,700m,50,15,160,450,66233.8
50mb,1,700m,50,15,160,500,57183.7
50mb,1,700m,50,15,180,350,72772.0
50mb,1,700m,50,15,180,400,74065.4
50mb,1,700m,50,15,180,450,67841.1
50mb,1,700m,50,15,180,500,65266.1
50mb,1,700m,50,15,200,350,88384.1
50mb,1,700m,50,15,200,400,78609.3
50mb,1,700m,50,15,200,450,75963.4
50mb,1,700m,50,15,200,500,78749.8
50mb,1,700m,50,16,0,350,13.9
50mb,1,700m,50,16,0,400,14.3
50mb,1,700m,50,16,0,450,14.1
50mb,1,700m,50,16,0,500,14.0
50mb,1,700m,50,16,20,350,402.3
50mb,1,700m,50,16,20,400,576.1
50mb,1,700m,50,16,20,450,323.5
50mb,1,700m,50,16,20,500,383.1
50mb,1,700m,50,16,40,350,4815.2
50mb,1,700m,50,16,40,400,5570.2
50mb,1,700m,50,16,40,450,3510.4
50mb,1,700m,50,16,40,500,5117.5
50mb,1,700m,50,16,60,350,12917.4
50mb,1,700m,50,16,60,400,12052.8
50mb,1,700m,50,16,60,450,11420.8
50mb,1,700m,50,16,60,500,15237.1
50mb,1,700m,50,16,80,350,24735.3
50mb,1,700m,50,16,80,400,22569.7
50mb,1,700m,50,16,80,450,21992.6
50mb,1,700m,50,16,80,500,20585.5
50mb,1,700m,50,16,100,350,33756.0
50mb,1,700m,50,16,100,400,31177.9
50mb,1,700m,50,16,100,450,30933.0
50mb,1,700m,50,16,100,500,33263.9
50mb,1,700m,50,16,120,350,39890.9
50mb,1,700m,50,16,120,400,40823.4
50mb,1,700m,50,16,120,450,40629.5
50mb,1,700m,50,16,120,500,41568.7
50mb,1,700m,50,16,140,350,52638.8
50mb,1,700m,50,16,140,400,51830.2
50mb,1,700m,50,16,140,450,46914.2
50mb,1,700m,50,16,140,500,47913.0
50mb,1,700m,50,16,160,350,60851.6
50mb,1,700m,50,16,160,400,59660.8
50mb,1,700m,50,16,160,450,61890.0
50mb,1,700m,50,16,160,500,60662.9
50mb,1,700m,50,16,180,350,65630.5
50mb,1,700m,50,16,180,400,67697.2
50mb,1,700m,50,16,180,450,68355.4
50mb,1,700m,50,16,180,500,72394.6
50mb,1,700m,50,16,200,350,75914.0
50mb,1,700m,50,16,200,400,75078.3
50mb,1,700m,50,16,200,450,73558.3
50mb,1,700m,50,16,200,500,76665.1
50mb,1,700m,50,17,0,350,13.8
50mb,1,700m,50,17,0,400,14.1
50mb,1,700m,50,17,0,450,13.8
50mb,1,700m,50,17,0,500,13.8
50mb,1,700m,50,17,20,350,508.5
50mb,1,700m,50,17,20,400,721.6
50mb,1,700m,50,17,20,450,408.7
50mb,1,700m,50,17,20,500,377.5
50mb,1,700m,50,17,40,350,4762.9
50mb,1,700m,50,17,40,400,4830.0
50mb,1,700m,50,17,40,450,5982.2
50mb,1,700m,50,17,40,500,4534.4
50mb,1,700m,50,17,60,350,10955.9
50mb,1,700m,50,17,60,400,11583.1
50mb,1,700m,50,17,60,450,12277.6
50mb,1,700m,50,17,60,500,9428.8
50mb,1,700m,50,17,80,350,26346.9
50mb,1,700m,50,17,80,400,21359.1
50mb,1,700m,50,17,80,450,20914.4
50mb,1,700m,50,17,80,500,20791.9
50mb,1,700m,50,17,100,350,34847.6
50mb,1,700m,50,17,100,400,32006.4
50mb,1,700m,50,17,100,450,30709.8
50mb,1,700m,50,17,100,500,33149.4
50mb,1,700m,50,17,120,350,40546.0
50mb,1,700m,50,17,120,400,41842.5
50mb,1,700m,50,17,120,450,41843.5
50mb,1,700m,50,17,120,500,43865.5
50mb,1,700m,50,17,140,350,54065.4
50mb,1,700m,50,17,140,400,55631.6
50mb,1,700m,50,17,140,450,54462.6
50mb,1,700m,50,17,140,500,52681.7
50mb,1,700m,50,17,160,350,56201.0
50mb,1,700m,50,17,160,400,64531.5
50mb,1,700m,50,17,160,450,59806.2
50mb,1,700m,50,17,160,500,56772.7
50mb,1,700m,50,17,180,350,67606.2
50mb,1,700m,50,17,180,400,69616.4
50mb,1,700m,50,17,180,450,68673.1
50mb,1,700m,50,17,180,500,68935.1
50mb,1,700m,50,17,200,350,79024.4
50mb,1,700m,50,17,200,400,84517.4
50mb,1,700m,50,17,200,450,78651.9
50mb,1,700m,50,17,200,500,73801.4
50mb,1,700m,50,18,0,350,13.6
50mb,1,700m,50,18,0,400,13.9
50mb,1,700m,50,18,0,450,14.2
50mb,1,700m,50,18,0,500,13.7
50mb,1,700m,50,18,20,350,572.0
50mb,1,700m,50,18,20,400,777.6
50mb,1,700m,50,18,20,450,294.4
50mb,1,700m,50,18,20,500,367.8
50mb,1,700m,50,18,40,350,4762.3
50mb,1,700m,50,18,40,400,4812.2
50mb,1,700m,50,18,40,450,5842.6
50mb,1,700m,50,18,40,500,5375.7
50mb,1,700m,50,18,60,350,13009.5
50mb,1,700m,50,18,60,400,12104.6
50mb,1,700m,50,18,60,450,12387.0
50mb,1,700m,50,18,60,500,12098.0
50mb,1,700m,50,18,80,350,20721.8
50mb,1,700m,50,18,80,400,22367.1
50mb,1,700m,50,18,80,450,22296.3
50mb,1,700m,50,18,80,500,22193.3
50mb,1,700m,50,18,100,350,31972.1
50mb,1,700m,50,18,100,400,30923.9
50mb,1,700m,50,18,100,450,33248.9
50mb,1,700m,50,18,100,500,34072.4
50mb,1,700m,50,18,120,350,41531.6
50mb,1,700m,50,18,120,400,41883.5
50mb,1,700m,50,18,120,450,42177.1
50mb,1,700m,50,18,120,500,38789.7
50mb,1,700m,50,18,140,350,50413.3
50mb,1,700m,50,18,140,400,50816.5
50mb,1,700m,50,18,140,450,52246.5
50mb,1,700m,50,18,140,500,47668.3
50mb,1,700m,50,18,160,350,58886.0
50mb,1,700m,50,18,160,400,57414.0
50mb,1,700m,50,18,160,450,58090.5
50mb,1,700m,50,18,160,500,58605.3
50mb,1,700m,50,18,180,350,65960.0
50mb,1,700m,50,18,180,400,70534.7
50mb,1,700m,50,18,180,450,75310.5
50mb,1,700m,50,18,180,500,68706.6
50mb,1,700m,50,18,200,350,76892.1
50mb,1,700m,50,18,200,400,78239.9
50mb,1,700m,50,18,200,450,78410.4
50mb,1,700m,50,18,200,500,78285.3
50mb,1,700m,50,19,0,350,14.0
50mb,1,700m,50,19,0,400,13.7
50mb,1,700m,50,19,0,450,13.8
50mb,1,700m,50,19,0,500,13.6
50mb,1,700m,50,19,20,350,495.7
50mb,1,700m,50,19,20,400,839.9
50mb,1,700m,50,19,20,450,410.6
50mb,1,700m,50,19,20,500,251.0
50mb,1,700m,50,19,40,350,4235.6
50mb,1,700m,50,19,40,400,3952.3
50mb,1,700m,50,19,40,450,4489.0
50mb,1,700m,50,19,40,500,4593.6
50mb,1,700m,50,19,60,350,11776.8
50mb,1,700m,50,19,60,400,10878.0
50mb,1,700m,50,19,60,450,8674.9
50mb,1,700m,50,19,60,500,9096.8
50mb,1,700m,50,19,80,350,16366.7
50mb,1,700m,50,19,80,400,17344.2
50mb,1,700m,50,19,80,450,19250.6
50mb,1,700m,50,19,80,500,19354.7
50mb,1,700m,50,19,100,350,27429.3
50mb,1,700m,50,19,100,400,24395.1
50mb,1,700m,50,19,100,450,24788.6
50mb,1,700m,50,19,100,500,25673.0
50mb,1,700m,50,19,120,350,35237.6
50mb,1,700m,50,19,120,400,35787.8
50mb,1,700m,50,19,120,450,33734.7
50mb,1,700m,50,19,120,500,36274.1
50mb,1,700m,50,19,140,350,38051.1
50mb,1,700m,50,19,140,400,38178.2
50mb,1,700m,50,19,140,450,40306.2
50mb,1,700m,50,19,140,500,38279.9
50mb,1,700m,50,19,160,350,48748.8
50mb,1,700m,50,19,160,400,49526.1
50mb,1,700m,50,19,160,450,45966.9
50mb,1,700m,50,19,160,500,37087.0
50mb,1,700m,50,19,180,350,46153.6
50mb,1,700m,50,19,180,400,42977.1
50mb,1,700m,50,19,180,450,46502.1
50mb,1,700m,50,19,180,500,40451.3
50mb,1,700m,50,19,200,350,50368.7
50mb,1,700m,50,19,200,400,45805.8
50mb,1,700m,50,19,200,450,57377.9
50mb,1,700m,50,19,200,500,49931.4
50mb,1,700m,50,20,0,350,15.8
50mb,1,700m,50,20,0,400,13.9
50mb,1,700m,50,20,0,450,14.5
50mb,1,700m,50,20,0,500,13.7
50mb,1,700m,50,20,20,350,453.8
50mb,1,700m,50,20,20,400,221.3
50mb,1,700m,50,20,20,450,233.2
50mb,1,700m,50,20,20,500,239.6
50mb,1,700m,50,20,40,350,3563.4
50mb,1,700m,50,20,40,400,4478.4
50mb,1,700m,50,20,40,450,5350.4
50mb,1,700m,50,20,40,500,3287.6
50mb,1,700m,50,20,60,350,8109.6
50mb,1,700m,50,20,60,400,9291.3
50mb,1,700m,50,20,60,450,9924.6
50mb,1,700m,50,20,60,500,10544.3
50mb,1,700m,50,20,80,350,16040.7
50mb,1,700m,50,20,80,400,14613.9
50mb,1,700m,50,20,80,450,13877.0
50mb,1,700m,50,20,80,500,12288.0
50mb,1,700m,50,20,100,350,17369.5
50mb,1,700m,50,20,100,400,18253.7
50mb,1,700m,50,20,100,450,19173.1
50mb,1,700m,50,20,100,500,17112.4
50mb,1,700m,50,20,120,350,24232.8
50mb,1,700m,50,20,120,400,22100.0
50mb,1,700m,50,20,120,450,23554.9
50mb,1,700m,50,20,120,500,23851.2
50mb,1,700m,50,20,140,350,29516.7
50mb,1,700m,50,20,140,400,29004.3
50mb,1,700m,50,20,140,450,33893.1
50mb,1,700m,50,20,140,500,29433.8
50mb,1,700m,50,20,160,350,42564.0
50mb,1,700m,50,20,160,400,45101.8
50mb,1,700m,50,20,160,450,34618.8
50mb,1,700m,50,20,160,500,33403.4
50mb,1,700m,50,20,180,350,47396.8
50mb,1,700m,50,20,180,400,42624.2
50mb,1,700m,50,20,180,450,43892.9
50mb,1,700m,50,20,180,500,40578.3
50mb,1,700m,50,20,200,350,54894.4
50mb,1,700m,50,20,200,400,39878.3
50mb,1,700m,50,20,200,450,45507.1
50mb,1,700m,50,20,200,500,41770.6
50mb,1,700m,75,1,0,350,16.3
50mb,1,700m,75,1,0,400,14.2
50mb,1,700m,75,1,0,450,14.7
50mb,1,700m,75,1,0,500,15.1
50mb,1,700m,75,1,20,350,23.8
50mb,1,700m,75,1,20,400,24.1
50mb,1,700m,75,1,20,450,25.1
50mb,1,700m,75,1,20,500,26.3
50mb,1,700m,75,1,40,350,36.2
50mb,1,700m,75,1,40,400,36.1
50mb,1,700m,75,1,40,450,35.2
50mb,1,700m,75,1,40,500,35.5
50mb,1,700m,75,1,60,350,53.2
50mb,1,700m,75,1,60,400,51.1
50mb,1,700m,75,1,60,450,50.7
50mb,1,700m,75,1,60,500,50.2
50mb,1,700m,75,1,80,350,74.7
50mb,1,700m,75,1,80,400,60.8
50mb,1,700m,75,1,80,450,63.0
50mb,1,700m,75,1,80,500,60.5
50mb,1,700m,75,1,100,350,94.8
50mb,1,700m,75,1,100,400,96.2
50mb,1,700m,75,1,100,450,111.3
50mb,1,700m,75,1,100,500,87.9
50mb,1,700m,75,1,120,350,114.1
50mb,1,700m,75,1,120,400,142.5
50mb,1,700m,75,1,120,450,124.4
50mb,1,700m,75,1,120,500,122.9
50mb,1,700m,75,1,140,350,107.5
50mb,1,700m,75,1,140,400,124.0
50mb,1,700m,75,1,140,450,277.9
50mb,1,700m,75,1,140,500,158.8
50mb,1,700m,75,1,160,350,20727.1
50mb,1,700m,75,1,160,400,17575.3
50mb,1,700m,75,1,160,450,25734.0
50mb,1,700m,75,1,160,500,22183.0
50mb,1,700m,75,1,180,350,39040.7
50mb,1,700m,75,1,180,400,34476.0
50mb,1,700m,75,1,180,450,44583.8
50mb,1,700m,75,1,180,500,40313.0
50mb,1,700m,75,1,200,350,54733.1
50mb,1,700m,75,1,200,400,53890.3
50mb,1,700m,75,1,200,450,57519.6
50mb,1,700m,75,1,200,500,52444.2
50mb,1,700m,75,2,0,350,14.4
50mb,1,700m,75,2,0,400,13.7
50mb,1,700m,75,2,0,450,14.6
50mb,1,700m,75,2,0,500,14.4
50mb,1,700m,75,2,20,350,24.9
50mb,1,700m,75,2,20,400,24.5
50mb,1,700m,75,2,20,450,23.7
50mb,1,700m,75,2,20,500,22.8
50mb,1,700m,75,2,40,350,34.3
50mb,1,700m,75,2,40,400,36.2
50mb,1,700m,75,2,40,450,35.1
50mb,1,700m,75,2,40,500,33.1
50mb,1,700m,75,2,60,350,60.1
50mb,1,700m,75,2,60,400,54.6
50mb,1,700m,75,2,60,450,48.8
50mb,1,700m,75,2,60,500,52.5
50mb,1,700m,75,2,80,350,80.4
50mb,1,700m,75,2,80,400,79.0
50mb,1,700m,75,2,80,450,95.7
50mb,1,700m,75,2,80,500,86.6
50mb,1,700m,75,2,100,350,19847.2
50mb,1,700m,75,2,100,400,20318.4
50mb,1,700m,75,2,100,450,17311.3
50mb,1,700m,75,2,100,500,22523.9
50mb,1,700m,75,2,120,350,30841.4
50mb,1,700m,75,2,120,400,32669.4
50mb,1,700m,75,2,120,450,34385.3
50mb,1,700m,75,2,120,500,35978.2
50mb,1,700m,75,2,140,350,56685.6
50mb,1,700m,75,2,140,400,62627.0
50mb,1,700m,75,2,140,450,66866.5
50mb,1,700m,75,2,140,500,59989.8
50mb,1,700m,75,2,160,350,72941.0
50mb,1,700m,75,2,160,400,63970.2
50mb,1,700m,75,2,160,450,75143.3
50mb,1,700m,75,2,160,500,72087.2
50mb,1,700m,75,2,180,350,113946.0
50mb,1,700m,75,2,180,400,81550.7
50mb,1,700m,75,2,180,450,97822.6
50mb,1,700m,75,2,180,500,95786.8
50mb,1,700m,75,2,200,350,128153.9
50mb,1,700m,75,2,200,400,155058.6
50mb,1,700m,75,2,200,450,153169.1
50mb,1,700m,75,2,200,500,141275.7
50mb,1,700m,75,3,0,350,15.5
50mb,1,700m,75,3,0,400,15.1
50mb,1,700m,75,3,0,450,14.6
50mb,1,700m,75,3,0,500,14.4
50mb,1,700m,75,3,20,350,24.0
50mb,1,700m,75,3,20,400,24.8
50mb,1,700m,75,3,20,450,24.5
50mb,1,700m,75,3,20,500,23.4
50mb,1,700m,75,3,40,350,38.0
50mb,1,700m,75,3,40,400,38.0
50mb,1,700m,75,3,40,450,35.8
50mb,1,700m,75,3,40,500,37.4
50mb,1,700m,75,3,60,350,5642.3
50mb,1,700m,75,3,60,400,12851.0
50mb,1,700m,75,3,60,450,7483.2
50mb,1,700m,75,3,60,500,9239.8
50mb,1,700m,75,3,80,350,19451.4
50mb,1,700m,75,3,80,400,22285.8
50mb,1,700m,75,3,80,450,19156.1
50mb,1,700m,75,3,80,500,22473.7
50mb,1,700m,75,3,100,350,34686.1
50mb,1,700m,75,3,100,400,36671.1
50mb,1,700m,75,3,100,450,35203.6
50mb,1,700m,75,3,100,500,34490.9
50mb,1,700m,75,3,120,350,56509.6
50mb,1,700m,75,3,120,400,51094.6
50mb,1,700m,75,3,120,450,49144.7
50mb,1,700m,75,3,120,500,60019.1
50mb,1,700m,75,3,140,350,81596.5
50mb,1,700m,75,3,140,400,75057.2
50mb,1,700m,75,3,140,450,96324.1
50mb,1,700m,75,3,140,500,88437.9
50mb,1,700m,75,3,160,350,121861.5
50mb,1,700m,75,3,160,400,89231.4
50mb,1,700m,75,3,160,450,113947.8
50mb,1,700m,75,3,160,500,129083.7
50mb,1,700m,75,3,180,350,138111.0
50mb,1,700m,75,3,180,400,134058.1
50mb,1,700m,75,3,180,450,143499.8
50mb,1,700m,75,3,180,500,148835.3
50mb,1,700m,75,3,200,350,195025.1
50mb,1,700m,75,3,200,400,173319.2
50mb,1,700m,75,3,200,450,405477.9
50mb,1,700m,75,3,200,500,185329.0
50mb,1,700m,75,4,0,350,14.9
50mb,1,700m,75,4,0,400,14.6
50mb,1,700m,75,4,0,450,14.2
50mb,1,700m,75,4,0,500,14.5
50mb,1,700m,75,4,20,350,51.2
50mb,1,700m,75,4,20,400,23.9
50mb,1,700m,75,4,20,450,26.5
50mb,1,700m,75,4,20,500,28.1
50mb,1,700m,75,4,40,350,3260.3
50mb,1,700m,75,4,40,400,1816.4
50mb,1,700m,75,4,40,450,2475.9
50mb,1,700m,75,4,40,500,2650.6
50mb,1,700m,75,4,60,350,17472.6
50mb,1,700m,75,4,60,400,17167.7
50mb,1,700m,75,4,60,450,15947.7
50mb,1,700m,75,4,60,500,17073.7
50mb,1,700m,75,4,80,350,29106.4
50mb,1,700m,75,4,80,400,32435.0
50mb,1,700m,75,4,80,450,32264.8
50mb,1,700m,75,4,80,500,31031.2
50mb,1,700m,75,4,100,350,57010.5
50mb,1,700m,75,4,100,400,47895.0
50mb,1,700m,75,4,100,450,46234.7
50mb,1,700m,75,4,100,500,49880.5
50mb,1,700m,75,4,120,350,71706.4
50mb,1,700m,75,4,120,400,75821.8
50mb,1,700m,75,4,120,450,95362.2
50mb,1,700m,75,4,120,500,78116.6
50mb,1,700m,75,4,140,350,131940.0
50mb,1,700m,75,4,140,400,119844.1
50mb,1,700m,75,4,140,450,118138.2
50mb,1,700m,75,4,140,500,127583.3
50mb,1,700m,75,4,160,350,160923.4
50mb,1,700m,75,4,160,400,142329.8
50mb,1,700m,75,4,160,450,146244.5
50mb,1,700m,75,4,160,500,150679.8
50mb,1,700m,75,4,180,350,191806.4
50mb,1,700m,75,4,180,400,178073.5
50mb,1,700m,75,4,180,450,199422.4
50mb,1,700m,75,4,180,500,193733.5
50mb,1,700m,75,4,200,350,210059.6
50mb,1,700m,75,4,200,400,215440.7
50mb,1,700m,75,4,200,450,238046.8
50mb,1,700m,75,4,200,500,225757.6
50mb,1,700m,75,5,0,350,14.3
50mb,1,700m,75,5,0,400,15.3
50mb,1,700m,75,5,0,450,14.5
50mb,1,700m,75,5,0,500,14.7
50mb,1,700m,75,5,20,350,24.0
50mb,1,700m,75,5,20,400,27.8
50mb,1,700m,75,5,20,450,24.0
50mb,1,700m,75,5,20,500,24.0
50mb,1,700m,75,5,40,350,5206.2
50mb,1,700m,75,5,40,400,5845.0
50mb,1,700m,75,5,40,450,6559.2
50mb,1,700m,75,5,40,500,5200.4
50mb,1,700m,75,5,60,350,21191.1
50mb,1,700m,75,5,60,400,19977.4
50mb,1,700m,75,5,60,450,21039.5
50mb,1,700m,75,5,60,500,21926.9
50mb,1,700m,75,5,80,350,36524.4
50mb,1,700m,75,5,80,400,32599.4
50mb,1,700m,75,5,80,450,36204.6
50mb,1,700m,75,5,80,500,55033.5
50mb,1,700m,75,5,100,350,51474.5
50mb,1,700m,75,5,100,400,55113.4
50mb,1,700m,75,5,100,450,56238.9
50mb,1,700m,75,5,100,500,88475.3
50mb,1,700m,75,5,120,350,114582.8
50mb,1,700m,75,5,120,400,112220.9
50mb,1,700m,75,5,120,450,138089.4
50mb,1,700m,75,5,120,500,86545.8
50mb,1,700m,75,5,140,350,124535.2
50mb,1,700m,75,5,140,400,142321.3
50mb,1,700m,75,5,140,450,161104.4
50mb,1,700m,75,5,140,500,116109.9
50mb,1,700m,75,5,160,350,147220.0
50mb,1,700m,75,5,160,400,137568.4
50mb,1,700m,75,5,160,450,143661.9
50mb,1,700m,75,5,160,500,168102.1
50mb,1,700m,75,5,180,350,179377.1
50mb,1,700m,75,5,180,400,188869.1
50mb,1,700m,75,5,180,450,176256.9
50mb,1,700m,75,5,180,500,185297.5
50mb,1,700m,75,5,200,350,284444.2
50mb,1,700m,75,5,200,400,228877.9
50mb,1,700m,75,5,200,450,389744.8
50mb,1,700m,75,5,200,500,284839.5
50mb,1,700m,75,6,0,350,14.5
50mb,1,700m,75,6,0,400,14.5
50mb,1,700m,75,6,0,450,14.6
50mb,1,700m,75,6,0,500,14.1
50mb,1,700m,75,6,20,350,23.7
50mb,1,700m,75,6,20,400,23.5
50mb,1,700m,75,6,20,450,24.2
50mb,1,700m,75,6,20,500,23.8
50mb,1,700m,75,6,40,350,9726.7
50mb,1,700m,75,6,40,400,7124.8
50mb,1,700m,75,6,40,450,7689.9
50mb,1,700m,75,6,40,500,6948.9
50mb,1,700m,75,6,60,350,29362.2
50mb,1,700m,75,6,60,400,28548.8
50mb,1,700m,75,6,60,450,20842.1
50mb,1,700m,75,6,60,500,26761.3
50mb,1,700m,75,6,80,350,45719.6
50mb,1,700m,75,6,80,400,50166.4
50mb,1,700m,75,6,80,450,38580.3
50mb,1,700m,75,6,80,500,43481.4
50mb,1,700m,75,6,100,350,67300.3
50mb,1,700m,75,6,100,400,76095.7
50mb,1,700m,75,6,100,450,48807.4
50mb,1,700m,75,6,100,500,57536.0
50mb,1,700m,75,6,120,350,89807.8
50mb,1,700m,75,6,120,400,76832.2
50mb,1,700m,75,6,120,450,84863.8
50mb,1,700m,75,6,120,500,77333.0
50mb,1,700m,75,6,140,350,102522.3
50mb,1,700m,75,6,140,400,97174.4
50mb,1,700m,75,6,140,450,97016.1
50mb,1,700m,75,6,140,500,82652.7
50mb,1,700m,75,6,160,350,102521.9
50mb,1,700m,75,6,160,400,106184.9
50mb,1,700m,75,6,160,450,124234.7
50mb,1,700m,75,6,160,500,112870.9
50mb,1,700m,75,6,180,350,173224.7
50mb,1,700m,75,6,180,400,118821.4
50mb,1,700m,75,6,180,450,178037.4
50mb,1,700m,75,6,180,500,153390.9
50mb,1,700m,75,6,200,350,157288.5
50mb,1,700m,75,6,200,400,192209.4
50mb,1,700m,75,6,200,450,166163.5
50mb,1,700m,75,6,200,500,152089.5
50mb,1,700m,75,7,0,350,15.4
50mb,1,700m,75,7,0,400,14.3
50mb,1,700m,75,7,0,450,14.5
50mb,1,700m,75,7,0,500,14.3
50mb,1,700m,75,7,20,350,336.3
50mb,1,700m,75,7,20,400,91.4
50mb,1,700m,75,7,20,450,515.7
50mb,1,700m,75,7,20,500,106.7
50mb,1,700m,75,7,40,350,13312.4
50mb,1,700m,75,7,40,400,10874.4
50mb,1,700m,75,7,40,450,8022.0
50mb,1,700m,75,7,40,500,12668.3
50mb,1,700m,75,7,60,350,24141.8
50mb,1,700m,75,7,60,400,30539.0
50mb,1,700m,75,7,60,450,30355.4
50mb,1,700m,75,7,60,500,25085.1
50mb,1,700m,75,7,80,350,36073.1
50mb,1,700m,75,7,80,400,35779.8
50mb,1,700m,75,7,80,450,34208.2
50mb,1,700m,75,7,80,500,35250.3
50mb,1,700m,75,7,100,350,73540.1
50mb,1,700m,75,7,100,400,71023.5
50mb,1,700m,75,7,100,450,71743.3
50mb,1,700m,75,7,100,500,76341.3
50mb,1,700m,75,7,120,350,112591.3
50mb,1,700m,75,7,120,400,106511.6
50mb,1,700m,75,7,120,450,79688.0
50mb,1,700m,75,7,120,500,84939.0
50mb,1,700m,75,7,140,350,103107.7
50mb,1,700m,75,7,140,400,90793.6
50mb,1,700m,75,7,140,450,84659.3
50mb,1,700m,75,7,140,500,85172.0
50mb,1,700m,75,7,160,350,110576.5
50mb,1,700m,75,7,160,400,85172.2
50mb,1,700m,75,7,160,450,125927.4
50mb,1,700m,75,7,160,500,113356.2
50mb,1,700m,75,7,180,350,112063.9
50mb,1,700m,75,7,180,400,138951.5
50mb,1,700m,75,7,180,450,133779.3
50mb,1,700m,75,7,180,500,130527.5
50mb,1,700m,75,7,200,350,164391.8
50mb,1,700m,75,7,200,400,152754.9
50mb,1,700m,75,7,200,450,155882.5
50mb,1,700m,75,7,200,500,182817.0
50mb,1,700m,75,8,0,350,16.3
50mb,1,700m,75,8,0,400,13.9
50mb,1,700m,75,8,0,450,14.4
50mb,1,700m,75,8,0,500,14.2
50mb,1,700m,75,8,20,350,532.0
50mb,1,700m,75,8,20,400,451.1
50mb,1,700m,75,8,20,450,48.0
50mb,1,700m,75,8,20,500,986.2
50mb,1,700m,75,8,40,350,18545.8
50mb,1,700m,75,8,40,400,11400.5
50mb,1,700m,75,8,40,450,12618.4
50mb,1,700m,75,8,40,500,17570.2
50mb,1,700m,75,8,60,350,27833.2
50mb,1,700m,75,8,60,400,33478.1
50mb,1,700m,75,8,60,450,29627.2
50mb,1,700m,75,8,60,500,35973.3
50mb,1,700m,75,8,80,350,62143.1
50mb,1,700m,75,8,80,400,61743.6
50mb,1,700m,75,8,80,450,46841.7
50mb,1,700m,75,8,80,500,56533.0
50mb,1,700m,75,8,100,350,115488.9
50mb,1,700m,75,8,100,400,113999.2
50mb,1,700m,75,8,100,450,90347.0
50mb,1,700m,75,8,100,500,84425.5
50mb,1,700m,75,8,120,350,144378.0
50mb,1,700m,75,8,120,400,251095.5
50mb,1,700m,75,8,120,450,199504.9
50mb,1,700m,75,8,120,500,166270.2
50mb,1,700m,75,8,140,350,139287.7
50mb,1,700m,75,8,140,400,143285.0
50mb,1,700m,75,8,140,450,104433.9
50mb,1,700m,75,8,140,500,100960.5
50mb,1,700m,75,8,160,350,98169.3
50mb,1,700m,75,8,160,400,95423.2
50mb,1,700m,75,8,160,450,110228.3
50mb,1,700m,75,8,160,500,117656.9
50mb,1,700m,75,8,180,350,149545.2
50mb,1,700m,75,8,180,400,109822.6
50mb,1,700m,75,8,180,450,146954.0
50mb,1,700m,75,8,180,500,134238.2
50mb,1,700m,75,8,200,350,156708.2
50mb,1,700m,75,8,200,400,188348.4
50mb,1,700m,75,8,200,450,172745.0
50mb,1,700m,75,8,200,500,111939.4
50mb,1,700m,75,9,0,350,20.3
50mb,1,700m,75,9,0,400,13.8
50mb,1,700m,75,9,0,450,14.4
50mb,1,700m,75,9,0,500,14.3
50mb,1,700m,75,9,20,350,1055.7
50mb,1,700m,75,9,20,400,406.1
50mb,1,700m,75,9,20,450,454.8
50mb,1,700m,75,9,20,500,610.5
50mb,1,700m,75,9,40,350,12470.6
50mb,1,700m,75,9,40,400,8938.7
50mb,1,700m,75,9,40,450,9357.3
50mb,1,700m,75,9,40,500,11495.4
50mb,1,700m,75,9,60,350,19033.6
50mb,1,700m,75,9,60,400,31964.9
50mb,1,700m,75,9,60,450,27764.9
50mb,1,700m,75,9,60,500,30842.7
50mb,1,700m,75,9,80,350,44455.8
50mb,1,700m,75,9,80,400,49881.4
50mb,1,700m,75,9,80,450,38094.2
50mb,1,700m,75,9,80,500,51672.3
50mb,1,700m,75,9,100,350,61808.4
50mb,1,700m,75,9,100,400,65183.2
50mb,1,700m,75,9,100,450,57129.6
50mb,1,700m,75,9,100,500,58258.1
50mb,1,700m,75,9,120,350,75381.3
50mb,1,700m,75,9,120,400,85804.6
50mb,1,700m,75,9,120,450,72765.8
50mb,1,700m,75,9,120,500,84832.3
50mb,1,700m,75,9,140,350,83880.5
50mb,1,700m,75,9,140,400,87470.6
50mb,1,700m,75,9,140,450,82046.1
50mb,1,700m,75,9,140,500,94569.0
50mb,1,700m,75,9,160,350,109255.4
50mb,1,700m,75,9,160,400,94142.9
50mb,1,700m,75,9,160,450,110573.6
50mb,1,700m,75,9,160,500,122387.9
50mb,1,700m,75,9,180,350,154420.1
50mb,1,700m,75,9,180,400,91274.9
50mb,1,700m,75,9,180,450,90372.2
50mb,1,700m,75,9,180,500,136615.5
50mb,1,700m,75,9,200,350,116273.8
50mb,1,700m,75,9,200,400,110901.8
50mb,1,700m,75,9,200,450,118041.8
50mb,1,700m,75,9,200,500,124636.1
50mb,1,700m,75,10,0,350,21.7
50mb,1,700m,75,10,0,400,16.3
50mb,1,700m,75,10,0,450,14.3
50mb,1,700m,75,10,0,500,14.3
50mb,1,700m,75,10,20,350,873.1
50mb,1,700m,75,10,20,400,940.6
50mb,1,700m,75,10,20,450,608.2
50mb,1,700m,75,10,20,500,468.6
50mb,1,700m,75,10,40,350,15134.3
50mb,1,700m,75,10,40,400,11249.2
50mb,1,700m,75,10,40,450,14261.7
50mb,1,700m,75,10,40,500,15480.9
50mb,1,700m,75,10,60,350,34099.3
50mb,1,700m,75,10,60,400,23820.2
50mb,1,700m,75,10,60,450,37312.7
50mb,1,700m,75,10,60,500,26918.1
50mb,1,700m,75,10,80,350,62577.5
50mb,1,700m,75,10,80,400,53256.3
50mb,1,700m,75,10,80,450,64391.4
50mb,1,700m,75,10,80,500,59156.8
50mb,1,700m,75,10,100,350,144464.6
50mb,1,700m,75,10,100,400,118535.4
50mb,1,700m,75,10,100,450,108675.3
50mb,1,700m,75,10,100,500,140698.3
50mb,1,700m,75,10,120,350,267693.4
50mb,1,700m,75,10,120,400,259584.9
50mb,1,700m,75,10,120,450,223557.4
50mb,1,700m,75,10,120,500,123798.3
50mb,1,700m,75,10,140,350,88873.9
50mb,1,700m,75,10,140,400,81914.9
50mb,1,700m,75,10,140,450,77585.1
50mb,1,700m,75,10,140,500,75258.2
50mb,1,700m,75,10,160,350,117414.8
50mb,1,700m,75,10,160,400,87940.6
50mb,1,700m,75,10,160,450,96889.9
50mb,1,700m,75,10,160,500,106608.9
50mb,1,700m,75,10,180,350,130540.8
50mb,1,700m,75,10,180,400,100835.7
50mb,1,700m,75,10,180,450,109591.9
50mb,1,700m,75,10,180,500,104253.1
50mb,1,700m,75,10,200,350,120862.0
50mb,1,700m,75,10,200,400,120895.7
50mb,1,700m,75,10,200,450,123975.4
50mb,1,700m,75,10,200,500,120322.3
50mb,1,700m,75,11,0,350,14.7
50mb,1,700m,75,11,0,400,13.5
50mb,1,700m,75,11,0,450,13.1
50mb,1,700m,75,11,0,500,13.8
50mb,1,700m,75,11,20,350,580.9
50mb,1,700m,75,11,20,400,856.8
50mb,1,700m,75,11,20,450,766.3
50mb,1,700m,75,11,20,500,2276.8
50mb,1,700m,75,11,40,350,11452.5
50mb,1,700m,75,11,40,400,13688.7
50mb,1,700m,75,11,40,450,12877.8
50mb,1,700m,75,11,40,500,10737.3
50mb,1,700m,75,11,60,350,26828.6
50mb,1,700m,75,11,60,400,24559.3
50mb,1,700m,75,11,60,450,29602.0
50mb,1,700m,75,11,60,500,23116.2
50mb,1,700m,75,11,80,350,45079.0
50mb,1,700m,75,11,80,400,46554.3
50mb,1,700m,75,11,80,450,41689.1
50mb,1,700m,75,11,80,500,41372.9
50mb,1,700m,75,11,100,350,60129.3
50mb,1,700m,75,11,100,400,59166.8
50mb,1,700m,75,11,100,450,52825.0
50mb,1,700m,75,11,100,500,56652.4
50mb,1,700m,75,11,120,350,65466.1
50mb,1,700m,75,11,120,400,65138.2
50mb,1,700m,75,11,120,450,66128.9
50mb,1,700m,75,11,120,500,68777.2
50mb,1,700m,75,11,140,350,81919.9
50mb,1,700m,75,11,140,400,80362.3
50mb,1,700m,75,11,140,450,74383.5
50mb,1,700m,75,11,140,500,64725.6
50mb,1,700m,75,11,160,350,81590.2
50mb,1,700m,75,11,160,400,90048.6
50mb,1,700m,75,11,160,450,99637.4
50mb,1,700m,75,11,160,500,83226.9
50mb,1,700m,75,11,180,350,93321.7
50mb,1,700m,75,11,180,400,91427.2
50mb,1,700m,75,11,180,450,99413.9
50mb,1,700m,75,11,180,500,102033.9
50mb,1,700m,75,11,200,350,102389.8
50mb,1,700m,75,11,200,400,125240.0
50mb,1,700m,75,11,200,450,108974.8
50mb,1,700m,75,11,200,500,101960.8
50mb,1,700m,75,12,0,350,16.7
50mb,1,700m,75,12,0,400,13.6
50mb,1,700m,75,12,0,450,13.4
50mb,1,700m,75,12,0,500,13.5
50mb,1,700m,75,12,20,350,1194.2
50mb,1,700m,75,12,20,400,1010.3
50mb,1,700m,75,12,20,450,1114.7
50mb,1,700m,75,12,20,500,967.0
50mb,1,700m,75,12,40,350,15451.8
50mb,1,700m,75,12,40,400,13418.7
50mb,1,700m,75,12,40,450,12469.8
50mb,1,700m,75,12,40,500,11208.7
50mb,1,700m,75,12,60,350,29835.4
50mb,1,700m,75,12,60,400,31551.8
50mb,1,700m,75,12,60,450,24146.6
50mb,1,700m,75,12,60,500,31311.9
50mb,1,700m,75,12,80,350,76137.9
50mb,1,700m,75,12,80,400,86506.7
50mb,1,700m,75,12,80,450,79442.9
50mb,1,700m,75,12,80,500,56252.4
50mb,1,700m,75,12,100,350,134260.1
50mb,1,700m,75,12,100,400,103450.0
50mb,1,700m,75,12,100,450,113412.2
50mb,1,700m,75,12,100,500,135524.1
50mb,1,700m,75,12,120,350,292549.5
50mb,1,700m,75,12,120,400,270738.5
50mb,1,700m,75,12,120,450,251555.9
50mb,1,700m,75,12,120,500,213650.8
50mb,1,700m,75,12,140,350,411543.8
50mb,1,700m,75,12,140,400,364352.4
50mb,1,700m,75,12,140,450,330759.8
50mb,1,700m,75,12,140,500,105671.6
50mb,1,700m,75,12,160,350,129563.9
50mb,1,700m,75,12,160,400,131344.0
50mb,1,700m,75,12,160,450,105250.8
50mb,1,700m,75,12,160,500,133403.1
50mb,1,700m,75,12,180,350,120368.8
50mb,1,700m,75,12,180,400,111002.0
50mb,1,700m,75,12,180,450,144955.8
50mb,1,700m,75,12,180,500,113220.2
50mb,1,700m,75,12,200,350,132815.6
50mb,1,700m,75,12,200,400,129734.8
50mb,1,700m,75,12,200,450,118325.2
50mb,1,700m,75,12,200,500,121456.6
50mb,1,700m,75,13,0,350,17.2
50mb,1,700m,75,13,0,400,13.5
50mb,1,700m,75,13,0,450,13.5
50mb,1,700m,75,13,0,500,13.2
50mb,1,700m,75,13,20,350,1166.1
50mb,1,700m,75,13,20,400,3027.8
50mb,1,700m,75,13,20,450,973.9
50mb,1,700m,75,13,20,500,1193.3
50mb,1,700m,75,13,40,350,18409.3
50mb,1,700m,75,13,40,400,17124.3
50mb,1,700m,75,13,40,450,15213.2
50mb,1,700m,75,13,40,500,11439.9
50mb,1,700m,75,13,60,350,32969.3
50mb,1,700m,75,13,60,400,31066.3
50mb,1,700m,75,13,60,450,39894.2
50mb,1,700m,75,13,60,500,24281.3
50mb,1,700m,75,13,80,350,47056.0
50mb,1,700m,75,13,80,400,34380.1
50mb,1,700m,75,13,80,450,38091.9
50mb,1,700m,75,13,80,500,42270.2
50mb,1,700m,75,13,100,350,46179.1
50mb,1,700m,75,13,100,400,57878.5
50mb,1,700m,75,13,100,450,49061.7
50mb,1,700m,75,13,100,500,51798.2
50mb,1,700m,75,13,120,350,63576.3
50mb,1,700m,75,13,120,400,55684.4
50mb,1,700m,75,13,120,450,66878.3
50mb,1,700m,75,13,120,500,58072.8
50mb,1,700m,75,13,140,350,74219.5
50mb,1,700m,75,13,140,400,72585.7
50mb,1,700m,75,13,140,450,79144.2
50mb,1,700m,75,13,140,500,75957.9
50mb,1,700m,75,13,160,350,89379.8
50mb,1,700m,75,13,160,400,85418.9
50mb,1,700m,75,13,160,450,80155.5
50mb,1,700m,75,13,160,500,86778.5
50mb,1,700m,75,13,180,350,96519.6
50mb,1,700m,75,13,180,400,99995.0
50mb,1,700m,75,13,180,450,104709.7
50mb,1,700m,75,13,180,500,98008.9
50mb,1,700m,75,13,200,350,106772.5
50mb,1,700m,75,13,200,400,109866.7
50mb,1,700m,75,13,200,450,108216.2
50mb,1,700m,75,13,200,500,96719.4
50mb,1,700m,75,14,0,350,22.5
50mb,1,700m,75,14,0,400,13.0
50mb,1,700m,75,14,0,450,13.6
50mb,1,700m,75,14,0,500,13.7
50mb,1,700m,75,14,20,350,2895.7
50mb,1,700m,75,14,20,400,2686.5
50mb,1,700m,75,14,20,450,2384.2
50mb,1,700m,75,14,20,500,1208.8
50mb,1,700m,75,14,40,350,13570.2
50mb,1,700m,75,14,40,400,16839.2
50mb,1,700m,75,14,40,450,16231.6
50mb,1,700m,75,14,40,500,13188.2
50mb,1,700m,75,14,60,350,35701.8
50mb,1,700m,75,14,60,400,37550.3
50mb,1,700m,75,14,60,450,43575.3
50mb,1,700m,75,14,60,500,32759.8
50mb,1,700m,75,14,80,350,60361.5
50mb,1,700m,75,14,80,400,56791.8
50mb,1,700m,75,14,80,450,84089.4
50mb,1,700m,75,14,80,500,70494.6
50mb,1,700m,75,14,100,350,108630.0
50mb,1,700m,75,14,100,400,154338.6
50mb,1,700m,75,14,100,450,96299.6
50mb,1,700m,75,14,100,500,130976.9
50mb,1,700m,75,14,120,350,242222.2
50mb,1,700m,75,14,120,400,220430.2
50mb,1,700m,75,14,120,450,301158.6
50mb,1,700m,75,14,120,500,204339.1
50mb,1,700m,75,14,140,350,325039.8
50mb,1,700m,75,14,140,400,424535.6
50mb,1,700m,75,14,140,450,406567.6
50mb,1,700m,75,14,140,500,296341.3
50mb,1,700m,75,14,160,350,443521.0
50mb,1,700m,75,14,160,400,183320.5
50mb,1,700m,75,14,160,450,143251.0
50mb,1,700m,75,14,160,500,225320.3
50mb,1,700m,75,14,180,350,90200.6
50mb,1,700m,75,14,180,400,98357.4
50mb,1,700m,75,14,180,450,101968.3
50mb,1,700m,75,14,180,500,101654.6
50mb,1,700m,75,14,200,350,113135.0
50mb,1,700m,75,14,200,400,114628.1
50mb,1,700m,75,14,200,450,118103.4
50mb,1,700m,75,14,200,500,113727.4
50mb,1,700m,75,15,0,350,17.5
50mb,1,700m,75,15,0,400,12.3
50mb,1,700m,75,15,0,450,13.0
50mb,1,700m,75,15,0,500,14.2
50mb,1,700m,75,15,20,350,1488.5
50mb,1,700m,75,15,20,400,2048.1
50mb,1,700m,75,15,20,450,851.1
50mb,1,700m,75,15,20,500,1310.8
50mb,1,700m,75,15,40,350,20568.9
50mb,1,700m,75,15,40,400,14501.6
50mb,1,700m,75,15,40,450,15286.0
50mb,1,700m,75,15,40,500,13741.5
50mb,1,700m,75,15,60,350,30437.0
50mb,1,700m,75,15,60,400,33574.9
50mb,1,700m,75,15,60,450,34789.3
50mb,1,700m,75,15,60,500,32061.4
50mb,1,700m,75,15,80,350,70499.0
50mb,1,700m,75,15,80,400,97325.7
50mb,1,700m,75,15,80,450,78231.4
50mb,1,700m,75,15,80,500,58235.2
50mb,1,700m,75,15,100,350,199302.5
50mb,1,700m,75,15,100,400,188854.5
50mb,1,700m,75,15,100,450,159636.1
50mb,1,700m,75,15,100,500,228631.9
50mb,1,700m,75,15,120,350,346773.9
50mb,1,700m,75,15,120,400,87080.8
50mb,1,700m,75,15,120,450,87795.5
50mb,1,700m,75,15,120,500,79198.4
50mb,1,700m,75,15,140,350,76872.1
50mb,1,700m,75,15,140,400,75998.1
50mb,1,700m,75,15,140,450,70690.1
50mb,1,700m,75,15,140,500,75862.6
50mb,1,700m,75,15,160,350,86253.0
50mb,1,700m,75,15,160,400,88882.4
50mb,1,700m,75,15,160,450,87873.8
50mb,1,700m,75,15,160,500,86654.8
50mb,1,700m,75,15,180,350,98239.5
50mb,1,700m,75,15,180,400,94681.7
50mb,1,700m,75,15,180,450,93970.5
50mb,1,700m,75,15,180,500,93787.3
50mb,1,700m,75,15,200,350,110318.0
50mb,1,700m,75,15,200,400,112865.2
50mb,1,700m,75,15,200,450,110280.2
50mb,1,700m,75,15,200,500,114916.7
50mb,1,700m,75,16,0,350,16.4
50mb,1,700m,75,16,0,400,12.5
50mb,1,700m,75,16,0,450,11.8
50mb,1,700m,75,16,0,500,12.3
50mb,1,700m,75,16,20,350,2711.5
50mb,1,700m,75,16,20,400,3503.1
50mb,1,700m,75,16,20,450,3496.3
50mb,1,700m,75,16,20,500,1370.9
50mb,1,700m,75,16,40,350,18404.2
50mb,1,700m,75,16,40,400,18541.2
50mb,1,700m,75,16,40,450,14849.0
50mb,1,700m,75,16,40,500,15004.7
50mb,1,700m,75,16,60,350,33063.8
50mb,1,700m,75,16,60,400,37677.2
50mb,1,700m,75,16,60,450,37276.5
50mb,1,700m,75,16,60,500,36008.9
50mb,1,700m,75,16,80,350,69311.9
50mb,1,700m,75,16,80,400,71507.0
50mb,1,700m,75,16,80,450,91895.6
50mb,1,700m,75,16,80,500,84570.8
50mb,1,700m,75,16,100,350,140986.1
50mb,1,700m,75,16,100,400,129923.5
50mb,1,700m,75,16,100,450,157417.6
50mb,1,700m,75,16,100,500,124862.8
50mb,1,700m,75,16,120,350,243689.7
50mb,1,700m,75,16,120,400,276234.4
50mb,1,700m,75,16,120,450,319118.4
50mb,1,700m,75,16,120,500,248705.3
50mb,1,700m,75,16,140,350,301788.7
50mb,1,700m,75,16,140,400,347932.4
50mb,1,700m,75,16,140,450,73643.8
50mb,1,700m,75,16,140,500,85815.9
50mb,1,700m,75,16,160,350,88893.5
50mb,1,700m,75,16,160,400,90293.2
50mb,1,700m,75,16,160,450,91324.6
50mb,1,700m,75,16,160,500,83522.3
50mb,1,700m,75,16,180,350,95019.1
50mb,1,700m,75,16,180,400,109561.2
50mb,1,700m,75,16,180,450,98994.3
50mb,1,700m,75,16,180,500,98064.9
50mb,1,700m,75,16,200,350,122312.5
50mb,1,700m,75,16,200,400,114118.5
50mb,1,700m,75,16,200,450,109893.5
50mb,1,700m,75,16,200,500,105622.5
50mb,1,700m,75,17,0,350,15.0
50mb,1,700m,75,17,0,400,11.9
50mb,1,700m,75,17,0,450,11.5
50mb,1,700m,75,17,0,500,13.7
50mb,1,700m,75,17,20,350,989.1
50mb,1,700m,75,17,20,400,1560.3
50mb,1,700m,75,17,20,450,1365.7
50mb,1,700m,75,17,20,500,2519.7
50mb,1,700m,75,17,40,350,12371.2
50mb,1,700m,75,17,40,400,21612.2
50mb,1,700m,75,17,40,450,17479.1
50mb,1,700m,75,17,40,500,19275.1
50mb,1,700m,75,17,60,350,32150.2
50mb,1,700m,75,17,60,400,35363.6
50mb,1,700m,75,17,60,450,32870.7
50mb,1,700m,75,17,60,500,37260.5
50mb,1,700m,75,17,80,350,66087.7
50mb,1,700m,75,17,80,400,68356.4
50mb,1,700m,75,17,80,450,42857.6
50mb,1,700m,75,17,80,500,37961.8
50mb,1,700m,75,17,100,350,45670.8
50mb,1,700m,75,17,100,400,44871.6
50mb,1,700m,75,17,100,450,54211.9
50mb,1,700m,75,17,100,500,44156.3
50mb,1,700m,75,17,120,350,66302.7
50mb,1,700m,75,17,120,400,62084.4
50mb,1,700m,75,17,120,450,70555.6
50mb,1,700m,75,17,120,500,62375.4
50mb,1,700m,75,17,140,350,73755.9
50mb,1,700m,75,17,140,400,68308.5
50mb,1,700m,75,17,140,450,66823.2
50mb,1,700m,75,17,140,500,56643.7
50mb,1,700m,75,17,160,350,83130.2
50mb,1,700m,75,17,160,400,73491.5
50mb,1,700m,75,17,160,450,70426.7
50mb,1,700m,75,17,160,500,67317.5
50mb,1,700m,75,17,180,350,80288.6
50mb,1,700m,75,17,180,400,85502.9
50mb,1,700m,75,17,180,450,87989.8
50mb,1,700m,75,17,180,500,81619.2
50mb,1,700m,75,17,200,350,91879.2
50mb,1,700m,75,17,200,400,81684.9
50mb,1,700m,75,17,200,450,88103.8
50mb,1,700m,75,17,200,500,88795.2
50mb,1,700m,75,18,0,350,31.4
50mb,1,700m,75,18,0,400,14.3
50mb,1,700m,75,18,0,450,14.2
50mb,1,700m,75,18,0,500,10.9
50mb,1,700m,75,18,20,350,1613.0
50mb,1,700m,75,18,20,400,1433.8
50mb,1,700m,75,18,20,450,1362.5
50mb,1,700m,75,18,20,500,1095.9
50mb,1,700m,75,18,40,350,14594.7
50mb,1,700m,75,18,40,400,14109.5
50mb,1,700m,75,18,40,450,17080.3
50mb,1,700m,75,18,40,500,16810.8
50mb,1,700m,75,18,60,350,38404.6
50mb,1,700m,75,18,60,400,34911.2
50mb,1,700m,75,18,60,450,32739.5
50mb,1,700m,75,18,60,500,36297.7
50mb,1,700m,75,18,80,350,54355.7
50mb,1,700m,75,18,80,400,56173.6
50mb,1,700m,75,18,80,450,73795.8
50mb,1,700m,75,18,80,500,74819.7
50mb,1,700m,75,18,100,350,163878.5
50mb,1,700m,75,18,100,400,116376.4
50mb,1,700m,75,18,100,450,118354.3
50mb,1,700m,75,18,100,500,114247.2
50mb,1,700m,75,18,120,350,271862.4
50mb,1,700m,75,18,120,400,207607.3
50mb,1,700m,75,18,120,450,291147.0
50mb,1,700m,75,18,120,500,258586.6
50mb,1,700m,75,18,140,350,518950.9
50mb,1,700m,75,18,140,400,439418.4
50mb,1,700m,75,18,140,450,260759.1
50mb,1,700m,75,18,140,500,279567.5
50mb,1,700m,75,18,160,350,578821.7
50mb,1,700m,75,18,160,400,276240.5
50mb,1,700m,75,18,160,450,702504.3
50mb,1,700m,75,18,160,500,621323.2
50mb,1,700m,75,18,180,350,669018.8
50mb,1,700m,75,18,180,400,557214.3
50mb,1,700m,75,18,180,450,490300.7
50mb,1,700m,75,18,180,500,502283.1
50mb,1,700m,75,18,200,350,425247.4
50mb,1,700m,75,18,200,400,383518.9
50mb,1,700m,75,18,200,450,616373.9
50mb,1,700m,75,18,200,500,444773.6
50mb,1,700m,75,19,0,350,13.2
50mb,1,700m,75,19,0,400,13.2
50mb,1,700m,75,19,0,450,9.4
50mb,1,700m,75,19,0,500,12.2
50mb,1,700m,75,19,20,350,1240.8
50mb,1,700m,75,19,20,400,1009.4
50mb,1,700m,75,19,20,450,1894.0
50mb,1,700m,75,19,20,500,1049.0
50mb,1,700m,75,19,40,350,13436.8
50mb,1,700m,75,19,40,400,11214.7
50mb,1,700m,75,19,40,450,15374.1
50mb,1,700m,75,19,40,500,23020.7
50mb,1,700m,75,19,60,350,37408.8
50mb,1,700m,75,19,60,400,35072.6
50mb,1,700m,75,19,60,450,37023.9
50mb,1,700m,75,19,60,500,40614.6
50mb,1,700m,75,19,80,350,50964.9
50mb,1,700m,75,19,80,400,60874.7
50mb,1,700m,75,19,80,450,79870.3
50mb,1,700m,75,19,80,500,60119.3
50mb,1,700m,75,19,100,350,112164.2
50mb,1,700m,75,19,100,400,116308.6
50mb,1,700m,75,19,100,450,119975.7
50mb,1,700m,75,19,100,500,172785.3
50mb,1,700m,75,19,120,350,207526.9
50mb,1,700m,75,19,120,400,343151.9
50mb,1,700m,75,19,120,450,382146.1
50mb,1,700m,75,19,120,500,67985.2
50mb,1,700m,75,19,140,350,80254.8
50mb,1,700m,75,19,140,400,76240.1
50mb,1,700m,75,19,140,450,73002.3
50mb,1,700m,75,19,140,500,80082.9
50mb,1,700m,75,19,160,350,88789.4
50mb,1,700m,75,19,160,400,83497.1
50mb,1,700m,75,19,160,450,80877.2
50mb,1,700m,75,19,160,500,77604.1
50mb,1,700m,75,19,180,350,105795.4
50mb,1,700m,75,19,180,400,110959.5
50mb,1,700m,75,19,180,450,102919.3
50mb,1,700m,75,19,180,500,109125.2
50mb,1,700m,75,19,200,350,102447.2
50mb,1,700m,75,19,200,400,110964.0
50mb,1,700m,75,19,200,450,115054.0
50mb,1,700m,75,19,200,500,108054.1
50mb,1,700m,75,20,0,350,14.2
50mb,1,700m,75,20,0,400,8.5
50mb,1,700m,75,20,0,450,10.0
50mb,1,700m,75,20,0,500,9.7
50mb,1,700m,75,20,20,350,1658.4
50mb,1,700m,75,20,20,400,1949.8
50mb,1,700m,75,20,20,450,4125.9
50mb,1,700m,75,20,20,500,2875.4
50mb,1,700m,75,20,40,350,15679.9
50mb,1,700m,75,20,40,400,20995.1
50mb,1,700m,75,20,40,450,15176.8
50mb,1,700m,75,20,40,500,17297.4
50mb,1,700m,75,20,60,350,33948.2
50mb,1,700m,75,20,60,400,38220.0
50mb,1,700m,75,20,60,450,34634.3
50mb,1,700m,75,20,60,500,34306.5
50mb,1,700m,75,20,80,350,75695.5
50mb,1,700m,75,20,80,400,66819.0
50mb,1,700m,75,20,80,450,75801.9
50mb,1,700m,75,20,80,500,57994.0
50mb,1,700m,75,20,100,350,208977.2
50mb,1,700m,75,20,100,400,98114.9
50mb,1,700m,75,20,100,450,122267.9
50mb,1,700m,75,20,100,500,107343.4
50mb,1,700m,75,20,120,350,266826.9
50mb,1,700m,75,20,120,400,267987.1
50mb,1,700m,75,20,120,450,220954.0
50mb,1,700m,75,20,120,500,186445.7
50mb,1,700m,75,20,140,350,253097.3
50mb,1,700m,75,20,140,400,413060.0
50mb,1,700m,75,20,140,450,55979.3
50mb,1,700m,75,20,140,500,53432.1
50mb,1,700m,75,20,160,350,70499.8
50mb,1,700m,75,20,160,400,73352.7
50mb,1,700m,75,20,160,450,62809.3
50mb,1,700m,75,20,160,500,62201.3
50mb,1,700m,75,20,180,350,77191.6
50mb,1,700m,75,20,180,400,84079.3
50mb,1,700m,75,20,180,450,68673.6
50mb,1,700m,75,20,180,500,75762.1
50mb,1,700m,75,20,200,350,92385.4
50mb,1,700m,75,20,200,400,95001.7
50mb,1,700m,75,20,200,450,96190.2
50mb,1,700m,75,20,200,500,90234.2
50mb,1,700m,100,1,0,350,12.7
50mb,1,700m,100,1,0,400,13.1
50mb,1,700m,100,1,0,450,12.8
50mb,1,700m,100,1,0,500,12.6
50mb,1,700m,100,1,20,350,63.4
50mb,1,700m,100,1,20,400,38.2
50mb,1,700m,100,1,20,450,25.4
50mb,1,700m,100,1,20,500,27.6
50mb,1,700m,100,1,40,350,39.8
50mb,1,700m,100,1,40,400,50.8
50mb,1,700m,100,1,40,450,39.0
50mb,1,700m,100,1,40,500,41.9
50mb,1,700m,100,1,60,350,45.7
50mb,1,700m,100,1,60,400,55.9
50mb,1,700m,100,1,60,450,44.5
50mb,1,700m,100,1,60,500,51.0
50mb,1,700m,100,1,80,350,65.9
50mb,1,700m,100,1,80,400,57.8
50mb,1,700m,100,1,80,450,57.7
50mb,1,700m,100,1,80,500,58.6
50mb,1,700m,100,1,100,350,66.3
50mb,1,700m,100,1,100,400,66.1
50mb,1,700m,100,1,100,450,67.4
50mb,1,700m,100,1,100,500,67.1
50mb,1,700m,100,1,120,350,76.5
50mb,1,700m,100,1,120,400,77.2
50mb,1,700m,100,1,120,450,76.6
50mb,1,700m,100,1,120,500,120.0
50mb,1,700m,100,1,140,350,151.0
50mb,1,700m,100,1,140,400,90.6
50mb,1,700m,100,1,140,450,86.3
50mb,1,700m,100,1,140,500,86.6
50mb,1,700m,100,1,160,350,36438.2
50mb,1,700m,100,1,160,400,110.5
50mb,1,700m,100,1,160,450,3295.8
50mb,1,700m,100,1,160,500,54883.3
50mb,1,700m,100,1,180,350,94483.9
50mb,1,700m,100,1,180,400,61838.8
50mb,1,700m,100,1,180,450,88029.1
50mb,1,700m,100,1,180,500,55014.4
50mb,1,700m,100,1,200,350,190648.1
50mb,1,700m,100,1,200,400,469041.0
50mb,1,700m,100,1,200,450,203841.3
50mb,1,700m,100,1,200,500,294048.4
50mb,1,700m,100,2,0,350,14.6
50mb,1,700m,100,2,0,400,12.5
50mb,1,700m,100,2,0,450,13.7
50mb,1,700m,100,2,0,500,11.5
50mb,1,700m,100,2,20,350,21.7
50mb,1,700m,100,2,20,400,21.7
50mb,1,700m,100,2,20,450,23.0
50mb,1,700m,100,2,20,500,23.4
50mb,1,700m,100,2,40,350,33.4
50mb,1,700m,100,2,40,400,34.5
50mb,1,700m,100,2,40,450,33.7
50mb,1,700m,100,2,40,500,32.8
50mb,1,700m,100,2,60,350,44.5
50mb,1,700m,100,2,60,400,45.1
50mb,1,700m,100,2,60,450,47.4
50mb,1,700m,100,2,60,500,54.9
50mb,1,700m,100,2,80,350,3952.4
50mb,1,700m,100,2,80,400,10056.9
50mb,1,700m,100,2,80,450,3909.0
50mb,1,700m,100,2,80,500,14431.3
50mb,1,700m,100,2,100,350,43494.2
50mb,1,700m,100,2,100,400,39409.0
50mb,1,700m,100,2,100,450,27552.3
50mb,1,700m,100,2,100,500,26936.2
50mb,1,700m,100,2,120,350,181711.6
50mb,1,700m,100,2,120,400,125898.9
50mb,1,700m,100,2,120,450,93193.7
50mb,1,700m,100,2,120,500,70343.2
50mb,1,700m,100,2,140,350,279925.0
50mb,1,700m,100,2,140,400,233424.9
50mb,1,700m,100,2,140,450,154434.5
50mb,1,700m,100,2,140,500,205302.2
50mb,1,700m,100,2,160,350,320584.2
50mb,1,700m,100,2,160,400,191734.8
50mb,1,700m,100,2,160,450,365559.4
50mb,1,700m,100,2,160,500,300804.4
50mb,1,700m,100,2,180,350,274526.4
50mb,1,700m,100,2,180,400,924288.0
50mb,1,700m,100,2,180,450,388390.2
50mb,1,700m,100,2,180,500,357520.8
50mb,1,700m,100,2,200,350,404595.9
50mb,1,700m,100,2,200,400,439117.0
50mb,1,700m,100,2,200,450,442935.3
50mb,1,700m,100,2,200,500,386510.5
50mb,1,700m,100,3,0,350,13.9
50mb,1,700m,100,3,0,400,12.3
50mb,1,700m,100,3,0,450,11.9
50mb,1,700m,100,3,0,500,11.3
50mb,1,700m,100,3,20,350,22.9
50mb,1,700m,100,3,20,400,22.3
50mb,1,700m,100,3,20,450,26.4
50mb,1,700m,100,3,20,500,22.7
50mb,1,700m,100,3,40,350,32.3
50mb,1,700m,100,3,40,400,33.2
50mb,1,700m,100,3,40,450,33.7
50mb,1,700m,100,3,40,500,32.5
50mb,1,700m,100,3,60,350,2596.7
50mb,1,700m,100,3,60,400,3427.2
50mb,1,700m,100,3,60,450,2346.4
50mb,1,700m,100,3,60,500,6510.5
50mb,1,700m,100,3,80,350,54705.6
50mb,1,700m,100,3,80,400,73687.3
50mb,1,700m,100,3,80,450,30091.6
50mb,1,700m,100,3,80,500,31262.7
50mb,1,700m,100,3,100,350,100926.7
50mb,1,700m,100,3,100,400,115875.0
50mb,1,700m,100,3,100,450,128870.4
50mb,1,700m,100,3,100,500,137077.6
50mb,1,700m,100,3,120,350,185766.7
50mb,1,700m,100,3,120,400,249984.4
50mb,1,700m,100,3,120,450,252828.6
50mb,1,700m,100,3,120,500,270588.0
50mb,1,700m,100,3,140,350,284903.6
50mb,1,700m,100,3,140,400,236765.3
50mb,1,700m,100,3,140,450,299071.0
50mb,1,700m,100,3,140,500,296818.1
50mb,1,700m,100,3,160,350,364406.2
50mb,1,700m,100,3,160,400,307340.6
50mb,1,700m,100,3,160,450,448273.8
50mb,1,700m,100,3,160,500,379360.9
50mb,1,700m,100,3,180,350,331842.9
50mb,1,700m,100,3,180,400,558727.2
50mb,1,700m,100,3,180,450,405237.9
50mb,1,700m,100,3,180,500,1627635.6
50mb,1,700m,100,3,200,350,428634.7
50mb,1,700m,100,3,200,400,895067.5
50mb,1,700m,100,3,200,450,509400.9
50mb,1,700m,100,3,200,500,484811.5
50mb,1,700m,100,4,0,350,16.4
50mb,1,700m,100,4,0,400,10.9
50mb,1,700m,100,4,0,450,11.7
50mb,1,700m,100,4,0,500,11.2
50mb,1,700m,100,4,20,350,22.0
50mb,1,700m,100,4,20,400,25.0
50mb,1,700m,100,4,20,450,22.6
50mb,1,700m,100,4,20,500,22.4
50mb,1,700m,100,4,40,350,3474.8
50mb,1,700m,100,4,40,400,137.4
50mb,1,700m,100,4,40,450,852.1
50mb,1,700m,100,4,40,500,356.4
50mb,1,700m,100,4,60,350,56507.6
50mb,1,700m,100,4,60,400,38742.5
50mb,1,700m,100,4,60,450,59057.1
50mb,1,700m,100,4,60,500,48400.7
50mb,1,700m,100,4,80,350,131557.2
50mb,1,700m,100,4,80,400,108850.6
50mb,1,700m,100,4,80,450,168921.6
50mb,1,700m,100,4,80,500,130348.8
50mb,1,700m,100,4,100,350,219743.8
50mb,1,700m,100,4,100,400,210910.6
50mb,1,700m,100,4,100,450,151774.9
50mb,1,700m,100,4,100,500,180980.4
50mb,1,700m,100,4,120,350,443611.7
50mb,1,700m,100,4,120,400,298217.2
50mb,1,700m,100,4,120,450,294254.7
50mb,1,700m,100,4,120,500,313991.0
50mb,1,700m,100,4,140,350,394996.8
50mb,1,700m,100,4,140,400,461006.1
50mb,1,700m,100,4,140,450,379979.5
50mb,1,700m,100,4,140,500,488346.1
50mb,1,700m,100,4,160,350,413642.3
50mb,1,700m,100,4,160,400,703929.7
50mb,1,700m,100,4,160,450,632783.2
50mb,1,700m,100,4,160,500,408879.2
50mb,1,700m,100,4,180,350,573672.4
50mb,1,700m,100,4,180,400,587427.5
50mb,1,700m,100,4,180,450,728361.1
50mb,1,700m,100,4,180,500,640597.3
50mb,1,700m,100,4,200,350,802946.5
50mb,1,700m,100,4,200,400,727603.8
50mb,1,700m,100,4,200,450,682159.7
50mb,1,700m,100,4,200,500,853291.7
50mb,1,700m,100,5,0,350,12.8
50mb,1,700m,100,5,0,400,9.8
50mb,1,700m,100,5,0,450,12.0
50mb,1,700m,100,5,0,500,12.0
50mb,1,700m,100,5,20,350,22.1
50mb,1,700m,100,5,20,400,20.9
50mb,1,700m,100,5,20,450,21.5
50mb,1,700m,100,5,20,500,21.4
50mb,1,700m,100,5,40,350,5928.2
50mb,1,700m,100,5,40,400,8406.6
50mb,1,700m,100,5,40,450,6418.2
50mb,1,700m,100,5,40,500,16749.7
50mb,1,700m,100,5,60,350,110499.7
50mb,1,700m,100,5,60,400,188403.8
50mb,1,700m,100,5,60,450,163179.3
50mb,1,700m,100,5,60,500,93121.0
50mb,1,700m,100,5,80,350,224473.4
50mb,1,700m,100,5,80,400,227031.9
50mb,1,700m,100,5,80,450,131300.8
50mb,1,700m,100,5,80,500,228521.4
50mb,1,700m,100,5,100,350,495625.5
50mb,1,700m,100,5,100,400,540226.8
50mb,1,700m,100,5,100,450,270987.6
50mb,1,700m,100,5,100,500,241869.9
50mb,1,700m,100,5,120,350,533513.5
50mb,1,700m,100,5,120,400,332581.5
50mb,1,700m,100,5,120,450,441021.0
50mb,1,700m,100,5,120,500,350301.8
50mb,1,700m,100,5,140,350,591129.4
50mb,1,700m,100,5,140,400,567637.5
50mb,1,700m,100,5,140,450,434068.5
50mb,1,700m,100,5,140,500,416900.0
50mb,1,700m,100,5,160,350,1820447.8
50mb,1,700m,100,5,160,400,3302509.4
50mb,1,700m,100,5,160,450,3771173.3
50mb,1,700m,100,5,160,500,1378047.6
50mb,1,700m,100,5,180,350,4283898.2
50mb,1,700m,100,5,180,400,13091545.0
50mb,1,700m,100,5,180,450,16594191.1
50mb,1,700m,100,5,180,500,18390017.1
50mb,1,700m,100,5,200,350,17960971.3
50mb,1,700m,100,5,200,400,18969984.2
50mb,1,700m,100,5,200,450,21356265.0
50mb,1,700m,100,5,200,500,18834785.1
50mb,1,700m,100,6,0,350,20.8
50mb,1,700m,100,6,0,400,14.3
50mb,1,700m,100,6,0,450,14.7
50mb,1,700m,100,6,0,500,14.4
50mb,1,700m,100,6,20,350,498.1
50mb,1,700m,100,6,20,400,32.6
50mb,1,700m,100,6,20,450,846.2
50mb,1,700m,100,6,20,500,32.0
50mb,1,700m,100,6,40,350,74824.3
50mb,1,700m,100,6,40,400,43124.9
50mb,1,700m,100,6,40,450,40339.0
50mb,1,700m,100,6,40,500,631617.7
50mb,1,700m,100,6,60,350,1880552.2
50mb,1,700m,100,6,60,400,2797334.5
50mb,1,700m,100,6,60,450,446255.7
50mb,1,700m,100,6,60,500,2376864.1
50mb,1,700m,100,6,80,350,4538474.0
50mb,1,700m,100,6,80,400,5161956.6
50mb,1,700m,100,6,80,450,4386420.4
50mb,1,700m,100,6,80,500,3579491.4
50mb,1,700m,100,6,100,350,6328348.7
50mb,1,700m,100,6,100,400,4568991.6
50mb,1,700m,100,6,100,450,5379176.6
50mb,1,700m,100,6,100,500,6054932.6
50mb,1,700m,100,6,120,350,8621599.5
50mb,1,700m,100,6,120,400,9043468.0
50mb,1,700m,100,6,120,450,4472228.1
50mb,1,700m,100,6,120,500,4056452.9
50mb,1,700m,100,6,140,350,4489698.5
50mb,1,700m,100,6,140,400,6440675.0
50mb,1,700m,100,6,140,450,4707044.2
50mb,1,700m,100,6,140,500,6803868.9
50mb,1,700m,100,6,160,350,7560716.8
50mb,1,700m,100,6,160,400,6917600.7
50mb,1,700m,100,6,160,450,6867445.6
50mb,1,700m,100,6,160,500,7109786.1
50mb,1,700m,100,6,180,350,0.0
50mb,1,700m,100,6,180,400,0.0
50mb,1,700m,100,6,180,450,0.0
50mb,1,700m,100,6,180,500,0.0
50mb,1,700m,100,6,200,350,0.0
50mb,1,700m,100,6,200,400,0.0
50mb,1,700m,100,6,200,450,0.0
50mb,1,700m,100,6,200,500,0.0